uri,title,summary,pleiades_uri
https://atlas.paths-erc.eu/places/116,Abu Mina,,https://pleiades.stoa.org/places/727105
https://atlas.paths-erc.eu/places/417,Abu Sha'ar,,https://pleiades.stoa.org/places/766332
https://atlas.paths-erc.eu/places/129,Achaia,,https://pleiades.stoa.org/places/828238
https://atlas.paths-erc.eu/places/419,Ain el-Hayz,,https://pleiades.stoa.org/places/716510
https://atlas.paths-erc.eu/places/386,'Ain el-Sabil,,https://pleiades.stoa.org/places/551781152
https://atlas.paths-erc.eu/places/38,Alexandria,,https://pleiades.stoa.org/places/727070
https://atlas.paths-erc.eu/places/153,Ammoniake,,https://pleiades.stoa.org/places/716520
https://atlas.paths-erc.eu/places/49,Andronpolis,,https://pleiades.stoa.org/places/727071
https://atlas.paths-erc.eu/places/30,Ankyropolis,,https://pleiades.stoa.org/places/736888
https://atlas.paths-erc.eu/places/25,Antaiopolis,,https://pleiades.stoa.org/places/756515
https://atlas.paths-erc.eu/places/53,Antinoupolis,,https://pleiades.stoa.org/places/756518
https://atlas.paths-erc.eu/places/162,Antipyrgos,,https://pleiades.stoa.org/places/716525
https://atlas.paths-erc.eu/places/139,Aphnaioua,,https://pleiades.stoa.org/places/730089
https://atlas.paths-erc.eu/places/209,Aphrodite,,https://pleiades.stoa.org/places/756532
https://atlas.paths-erc.eu/places/34,Aphroditopolis,,https://pleiades.stoa.org/places/736889
https://atlas.paths-erc.eu/places/55,Apollonopolis Parva,,https://pleiades.stoa.org/places/785975
https://atlas.paths-erc.eu/places/364,Arminna,,https://pleiades.stoa.org/places/795780
https://atlas.paths-erc.eu/places/33,Arsinoe,,https://pleiades.stoa.org/places/736948
https://atlas.paths-erc.eu/places/8,Athribis,,https://pleiades.stoa.org/places/727078
https://atlas.paths-erc.eu/places/144,Babylon - Fustat,,https://pleiades.stoa.org/places/727082
https://atlas.paths-erc.eu/places/115,Bagawat,,https://pleiades.stoa.org/places/776156
https://atlas.paths-erc.eu/places/105,Bakchias,,https://pleiades.stoa.org/places/736896
https://atlas.paths-erc.eu/places/160,Barke,,https://pleiades.stoa.org/places/373750
https://atlas.paths-erc.eu/places/163,Bassachitai?,,https://pleiades.stoa.org/places/716534
https://atlas.paths-erc.eu/places/73,Bawit,,https://pleiades.stoa.org/places/756663
https://atlas.paths-erc.eu/places/172,Beni Hassan,,https://pleiades.stoa.org/places/112509596
https://atlas.paths-erc.eu/places/84,Berenike (Upper Egypt),,https://pleiades.stoa.org/places/785986
https://atlas.paths-erc.eu/places/157,Boreum,,https://pleiades.stoa.org/places/363948
https://atlas.paths-erc.eu/places/7,Bousiris,,https://pleiades.stoa.org/places/727090
https://atlas.paths-erc.eu/places/15,Bubastis,,https://pleiades.stoa.org/places/727088
https://atlas.paths-erc.eu/places/471,Buhen,,https://pleiades.stoa.org/places/795791
https://atlas.paths-erc.eu/places/40,Buto,,https://pleiades.stoa.org/places/727094
https://atlas.paths-erc.eu/places/64,Chenoboskion,,https://pleiades.stoa.org/places/756545
https://atlas.paths-erc.eu/places/140,Clysma,,https://pleiades.stoa.org/places/727101
https://atlas.paths-erc.eu/places/175,Dakleh Ain el Gedida,,https://pleiades.stoa.org/places/861854258
https://atlas.paths-erc.eu/places/135,Daphnai,,https://pleiades.stoa.org/places/727103
https://atlas.paths-erc.eu/places/415,Deir Abu Fana,,https://pleiades.stoa.org/places/756523
https://atlas.paths-erc.eu/places/215,Deir Abu Hennes,,https://pleiades.stoa.org/places/756549
https://atlas.paths-erc.eu/places/166,Deir Abu Masis,,https://pleiades.stoa.org/places/756550
https://atlas.paths-erc.eu/places/217,Deir al-Dik,,https://pleiades.stoa.org/places/756557
https://atlas.paths-erc.eu/places/416,Deir al-Fakhuri,,https://pleiades.stoa.org/places/786059
https://atlas.paths-erc.eu/places/472,Deir Anba Bidaba,,https://pleiades.stoa.org/places/756553
https://atlas.paths-erc.eu/places/486,Deir Anba Bula,,https://pleiades.stoa.org/places/746800
https://atlas.paths-erc.eu/places/192,Deir el Bakhit,,https://pleiades.stoa.org/places/786014
https://atlas.paths-erc.eu/places/92,Deir el-Bala’izah,,https://pleiades.stoa.org/places/756520
https://atlas.paths-erc.eu/places/490,Deir el-Ballas,,https://pleiades.stoa.org/places/786081
https://atlas.paths-erc.eu/places/214,Deir el-Bersha,,https://pleiades.stoa.org/places/756554
https://atlas.paths-erc.eu/places/475,Deir el-Gebrawi,,https://pleiades.stoa.org/places/756576
https://atlas.paths-erc.eu/places/97,Deir el-Kubbaniya,,https://pleiades.stoa.org/places/786056
https://atlas.paths-erc.eu/places/86,Deir el-Qaddis Abu Bifam,,https://pleiades.stoa.org/places/756547
https://atlas.paths-erc.eu/places/418,Deir el-Quseir,,https://pleiades.stoa.org/places/727252
https://atlas.paths-erc.eu/places/195,Deir el Rumi,,https://pleiades.stoa.org/places/786067
https://atlas.paths-erc.eu/places/281,Deir el-Shelwit,,https://pleiades.stoa.org/places/786067
https://atlas.paths-erc.eu/places/427,Deir el-Shuhada,,https://pleiades.stoa.org/places/756561
https://atlas.paths-erc.eu/places/367,Deir Mar Tumas,,https://pleiades.stoa.org/places/795886
https://atlas.paths-erc.eu/places/413,Deir Mustafa Kashef,,https://pleiades.stoa.org/places/776168
https://atlas.paths-erc.eu/places/98,Deir Qubbat el Hawa,,https://pleiades.stoa.org/places/979588215
https://atlas.paths-erc.eu/places/21,Dendera,,https://pleiades.stoa.org/places/786127
https://atlas.paths-erc.eu/places/22,Diospolis Mikra,,https://pleiades.stoa.org/places/756566
https://atlas.paths-erc.eu/places/359,Dongola,,https://pleiades.stoa.org/places/865674318
https://atlas.paths-erc.eu/places/184,El-Deir,,https://pleiades.stoa.org/places/776167
https://atlas.paths-erc.eu/places/16,Elephantine,,https://pleiades.stoa.org/places/786021
https://atlas.paths-erc.eu/places/123,El-Lahun,,https://pleiades.stoa.org/places/737029
https://atlas.paths-erc.eu/places/287,el-Qalamun (Dakhla),,https://pleiades.stoa.org/places/776188
https://atlas.paths-erc.eu/places/414,El-Sheikh Sa'id,,https://pleiades.stoa.org/places/756547
https://atlas.paths-erc.eu/places/425,El-Tod,,https://pleiades.stoa.org/places/786132
https://atlas.paths-erc.eu/places/424,El-Tor,,https://pleiades.stoa.org/places/746803
https://atlas.paths-erc.eu/places/118,Ennaton,,https://pleiades.stoa.org/places/690832
https://atlas.paths-erc.eu/places/165,Erythron,,https://pleiades.stoa.org/places/373785
https://atlas.paths-erc.eu/places/58,Esna,,https://pleiades.stoa.org/places/786059
https://atlas.paths-erc.eu/places/358,Faras,,https://pleiades.stoa.org/places/795838
https://atlas.paths-erc.eu/places/323,Fayyum,,https://pleiades.stoa.org/places/736893
https://atlas.paths-erc.eu/places/339,Female Monastery at Atripe,,https://pleiades.stoa.org/places/756538
https://atlas.paths-erc.eu/places/428,Ganub Qasr el-Agouz,,https://pleiades.stoa.org/places/716504
https://atlas.paths-erc.eu/places/94,Gebel Assiut el-Gharbi,,https://pleiades.stoa.org/places/756593
https://atlas.paths-erc.eu/places/100,Gebel el-Qalamun,,https://pleiades.stoa.org/places/737030
https://atlas.paths-erc.eu/places/431,Gebel Qarara,,https://pleiades.stoa.org/places/736924
https://atlas.paths-erc.eu/places/274,Giza,,https://pleiades.stoa.org/places/442962448
https://atlas.paths-erc.eu/places/164,Hadrianopolis,,https://pleiades.stoa.org/places/373824
https://atlas.paths-erc.eu/places/429,Hagar Esna,,https://pleiades.stoa.org/places/786059
https://atlas.paths-erc.eu/places/99,Hamuli/Monastery of the Archangel Michael at Phantoou,,https://pleiades.stoa.org/places/737001
https://atlas.paths-erc.eu/places/421,Hawwariya,,https://pleiades.stoa.org/places/727153
https://atlas.paths-erc.eu/places/142,Helearchia,,https://pleiades.stoa.org/places/730114
https://atlas.paths-erc.eu/places/11,Heliopolis,,https://pleiades.stoa.org/places/727117
https://atlas.paths-erc.eu/places/145,Hephaistos,,https://pleiades.stoa.org/places/727119
https://atlas.paths-erc.eu/places/70,Hermonthis,,https://pleiades.stoa.org/places/786036
https://atlas.paths-erc.eu/places/13,Hermopolis,,https://pleiades.stoa.org/places/727122
https://atlas.paths-erc.eu/places/5,Hermopolis Mikra,,https://pleiades.stoa.org/places/727123
https://atlas.paths-erc.eu/places/28,Hermoupolis Magna,,https://pleiades.stoa.org/places/756574
https://atlas.paths-erc.eu/places/6,Heroonpolis,,https://pleiades.stoa.org/places/727124
https://atlas.paths-erc.eu/places/185,Hibis,,https://pleiades.stoa.org/places/776181
https://atlas.paths-erc.eu/places/18,Hierakonpolis,,https://pleiades.stoa.org/places/786037
https://atlas.paths-erc.eu/places/181,Imbaba el Mansuriya,,https://pleiades.stoa.org/places/776197
https://atlas.paths-erc.eu/places/47,Kabasa,,https://pleiades.stoa.org/places/727133
https://atlas.paths-erc.eu/places/422,Kalabsha,,https://pleiades.stoa.org/places/795868
https://atlas.paths-erc.eu/places/106,Karanis,,https://pleiades.stoa.org/places/736932
https://atlas.paths-erc.eu/places/470,Karanog,,https://pleiades.stoa.org/places/795832
https://atlas.paths-erc.eu/places/182,Karnak,,https://pleiades.stoa.org/places/786017
https://atlas.paths-erc.eu/places/182,Karnak,,https://pleiades.stoa.org/places/786017
https://atlas.paths-erc.eu/places/78,Kellia,,https://pleiades.stoa.org/places/727141
https://atlas.paths-erc.eu/places/264,Kom Medinet Ghoran,,https://pleiades.stoa.org/places/736942
https://atlas.paths-erc.eu/places/423,Kom Namrud,,https://pleiades.stoa.org/places/736944
https://atlas.paths-erc.eu/places/186,Kom Ombo,,https://pleiades.stoa.org/places/786079
https://atlas.paths-erc.eu/places/20,Koptos,,https://pleiades.stoa.org/places/786010
https://atlas.paths-erc.eu/places/29,Kynopolis,,https://pleiades.stoa.org/places/736949
https://atlas.paths-erc.eu/places/9,Leontopolis (Tell el-Moqdam),,https://pleiades.stoa.org/places/727147
https://atlas.paths-erc.eu/places/328,Leontopolis (Tell el-Yahudiya),,https://pleiades.stoa.org/places/727146
https://atlas.paths-erc.eu/places/279,Lepidotonpolis,,https://pleiades.stoa.org/places/756591
https://atlas.paths-erc.eu/places/2,Letopolis,,https://pleiades.stoa.org/places/727149
https://atlas.paths-erc.eu/places/19,Luxor complex,,https://pleiades.stoa.org/places/786017
https://atlas.paths-erc.eu/places/27,Lykopolis,,https://pleiades.stoa.org/places/756593
https://atlas.paths-erc.eu/places/225,Lykopolites nomòs,,https://pleiades.stoa.org/places/756594
https://atlas.paths-erc.eu/places/327,Magdola,,https://pleiades.stoa.org/places/736956
https://atlas.paths-erc.eu/places/213,Mallawi,,https://pleiades.stoa.org/places/756599
https://atlas.paths-erc.eu/places/143,Marea,,https://pleiades.stoa.org/places/727153
https://atlas.paths-erc.eu/places/67,Maximianoupolis,,https://pleiades.stoa.org/places/786047
https://atlas.paths-erc.eu/places/87,Medinet Habu,,https://pleiades.stoa.org/places/786067
https://atlas.paths-erc.eu/places/104,Medinet Madi,,https://pleiades.stoa.org/places/736972
https://atlas.paths-erc.eu/places/1,Memphis,,https://pleiades.stoa.org/places/736963
https://atlas.paths-erc.eu/places/329,Mendes,,https://pleiades.stoa.org/places/727156
https://atlas.paths-erc.eu/places/39,Metelis,,https://pleiades.stoa.org/places/727163
https://atlas.paths-erc.eu/places/352,Monastery of Apa Epima at Pshonte,,https://pleiades.stoa.org/places/741414
https://atlas.paths-erc.eu/places/75,Monastery of Apa Jeremiah,,https://pleiades.stoa.org/places/736963
https://atlas.paths-erc.eu/places/200,Monastery of Cyriacus,,https://pleiades.stoa.org/places/786067
https://atlas.paths-erc.eu/places/198,Monastery of Epiphanius,,https://pleiades.stoa.org/places/786067
https://atlas.paths-erc.eu/places/194,Monastery of Saint Isidorus Martyr at Deir el Medina,,https://pleiades.stoa.org/places/864388873
https://atlas.paths-erc.eu/places/112,Monastery of Shenoute at Atripe,,https://pleiades.stoa.org/places/756530
https://atlas.paths-erc.eu/places/436,Monastery of St. Anthony at Famagusta,,https://pleiades.stoa.org/places/707485
https://atlas.paths-erc.eu/places/201,Monastery of St. Marcus,,https://pleiades.stoa.org/places/786067
https://atlas.paths-erc.eu/places/79,Monastery of St. Paul,,https://pleiades.stoa.org/places/746800
https://atlas.paths-erc.eu/places/91,Monastery of St. Thomas at Wadi Sarga,,https://pleiades.stoa.org/places/759543
https://atlas.paths-erc.eu/places/494,Naga ed-Deir,,https://pleiades.stoa.org/places/825074423
https://atlas.paths-erc.eu/places/74,Naqlun,,https://pleiades.stoa.org/places/736975
https://atlas.paths-erc.eu/places/455,Natho,,https://pleiades.stoa.org/places/727168
https://atlas.paths-erc.eu/places/141,Naukratis,,https://pleiades.stoa.org/places/727169
https://atlas.paths-erc.eu/places/57,Neiloupolis,,https://pleiades.stoa.org/places/736973
https://atlas.paths-erc.eu/places/45,Nikiou,,https://pleiades.stoa.org/places/727174
https://atlas.paths-erc.eu/places/77,Nitria,,https://pleiades.stoa.org/places/727177
https://atlas.paths-erc.eu/places/280,Northern Qurnet Murrai,,https://pleiades.stoa.org/places/786067
https://atlas.paths-erc.eu/places/51,Onouphis Ano,,https://pleiades.stoa.org/places/730134
https://atlas.paths-erc.eu/places/50,Onouphis Kato,,https://pleiades.stoa.org/places/730134
https://atlas.paths-erc.eu/places/89,Ostrakine,,https://pleiades.stoa.org/places/687993
https://atlas.paths-erc.eu/places/243,Oxyrhynchites nomòs,,https://pleiades.stoa.org/places/736982
https://atlas.paths-erc.eu/places/127,Pachnemounis,,https://pleiades.stoa.org/places/727183
https://atlas.paths-erc.eu/places/48,Panephysis,,https://pleiades.stoa.org/places/727184
https://atlas.paths-erc.eu/places/24,Panopolis,,https://pleiades.stoa.org/places/756613
https://atlas.paths-erc.eu/places/150,Paraitonion,,https://pleiades.stoa.org/places/716615
https://atlas.paths-erc.eu/places/132,Paralos,,https://pleiades.stoa.org/places/727224
https://atlas.paths-erc.eu/places/68,Pbou,,https://pleiades.stoa.org/places/756540
https://atlas.paths-erc.eu/places/36,Pelusium,,https://pleiades.stoa.org/places/727192
https://atlas.paths-erc.eu/places/88,Petemout,,https://pleiades.stoa.org/places/786088
https://atlas.paths-erc.eu/places/44,Phakoussa,,https://pleiades.stoa.org/places/727194
https://atlas.paths-erc.eu/places/188,Pharan,,https://pleiades.stoa.org/places/746792
https://atlas.paths-erc.eu/places/43,Pharbaithos,,https://pleiades.stoa.org/places/727196
https://atlas.paths-erc.eu/places/96,Philae,,https://pleiades.stoa.org/places/786089
https://atlas.paths-erc.eu/places/211,Philagris,,https://pleiades.stoa.org/places/737001
https://atlas.paths-erc.eu/places/120,Philoteris,,https://pleiades.stoa.org/places/737010
https://atlas.paths-erc.eu/places/46,Phragonis,,https://pleiades.stoa.org/places/727201
https://atlas.paths-erc.eu/places/355,Pishai,,https://pleiades.stoa.org/places/737015
https://atlas.paths-erc.eu/places/155,Prosopites,,https://pleiades.stoa.org/places/727206
https://atlas.paths-erc.eu/places/54,Ptolemais,,https://pleiades.stoa.org/places/373879
https://atlas.paths-erc.eu/places/316,Qasr el-Agouz,,https://pleiades.stoa.org/places/786067
https://atlas.paths-erc.eu/places/189,Qasr Ibrim,,https://pleiades.stoa.org/places/798094
https://atlas.paths-erc.eu/places/126,Rinokoloura,,https://pleiades.stoa.org/places/688016
https://atlas.paths-erc.eu/places/3,Sais,,https://pleiades.stoa.org/places/727217
https://atlas.paths-erc.eu/places/349,Samalut,,https://pleiades.stoa.org/places/737054
https://atlas.paths-erc.eu/places/52,Schedia,,https://pleiades.stoa.org/places/727221
https://atlas.paths-erc.eu/places/469,Serra East,,https://pleiades.stoa.org/places/795857
https://atlas.paths-erc.eu/places/156,Sile,,https://pleiades.stoa.org/places/727231
https://atlas.paths-erc.eu/places/146,Skenai Mandrai,,https://pleiades.stoa.org/places/737050
https://atlas.paths-erc.eu/places/76,Sketis,,https://pleiades.stoa.org/places/727232
https://atlas.paths-erc.eu/places/107,Soknopaiou Nesos,,https://pleiades.stoa.org/places/737053
https://atlas.paths-erc.eu/places/212,Speos Artemidos,,https://pleiades.stoa.org/places/756647
https://atlas.paths-erc.eu/places/130,Stathmon,,https://pleiades.stoa.org/places/573533
https://atlas.paths-erc.eu/places/128,Syene,,https://pleiades.stoa.org/places/786123
https://atlas.paths-erc.eu/places/66,Tabennisis,,https://pleiades.stoa.org/places/786125
https://atlas.paths-erc.eu/places/345,Talit,,https://pleiades.stoa.org/places/737065
https://atlas.paths-erc.eu/places/12,Tanis,,https://pleiades.stoa.org/places/727236
https://atlas.paths-erc.eu/places/159,Taucheira,,https://pleiades.stoa.org/places/373736
https://atlas.paths-erc.eu/places/37,Taya,,https://pleiades.stoa.org/places/727243
https://atlas.paths-erc.eu/places/179,Tell Edfu,,https://pleiades.stoa.org/places/785974
https://atlas.paths-erc.eu/places/171,Tell el-Amarna,,https://pleiades.stoa.org/places/149576487
https://atlas.paths-erc.eu/places/14,Tell el-Balamun,,https://pleiades.stoa.org/places/727111
https://atlas.paths-erc.eu/places/462,Tell Tanbul,,https://pleiades.stoa.org/places/727245
https://atlas.paths-erc.eu/places/131,Terenouthis,,https://pleiades.stoa.org/places/727244
https://atlas.paths-erc.eu/places/121,Theadelphia,,https://pleiades.stoa.org/places/737081
https://atlas.paths-erc.eu/places/138,Thennesos,,https://pleiades.stoa.org/places/727247
https://atlas.paths-erc.eu/places/103,This,,https://pleiades.stoa.org/places/756659
https://atlas.paths-erc.eu/places/35,Thmouis,,https://pleiades.stoa.org/places/727249
https://atlas.paths-erc.eu/places/365,Thraso,,https://pleiades.stoa.org/places/741593
https://atlas.paths-erc.eu/places/210,Topos of Apa Phoibammon in the Rock,,https://pleiades.stoa.org/places/786067
https://atlas.paths-erc.eu/places/101,Touton,,https://pleiades.stoa.org/places/737072
https://atlas.paths-erc.eu/places/174,Trimouthis,,https://pleiades.stoa.org/places/776235
https://atlas.paths-erc.eu/places/60,Tse,,https://pleiades.stoa.org/places/759689
https://atlas.paths-erc.eu/places/491,Umm el-Dabadib,,https://pleiades.stoa.org/places/776237
https://atlas.paths-erc.eu/places/368,Upper Ansina,,https://pleiades.stoa.org/places/756518
https://atlas.paths-erc.eu/places/202,Valley of the Kings,,https://pleiades.stoa.org/places/384697574
https://atlas.paths-erc.eu/places/110,Wadi Natrun,,https://pleiades.stoa.org/places/727104
https://atlas.paths-erc.eu/places/205,Wadi Natrun Monastery of Baramus,,https://pleiades.stoa.org/places/727232
https://atlas.paths-erc.eu/places/204,Wadi Natrun Monastery of John the Little,,https://pleiades.stoa.org/places/727232
https://atlas.paths-erc.eu/places/207,Wadi Natrun Monastery of Moses,,https://pleiades.stoa.org/places/727232
https://atlas.paths-erc.eu/places/208,Wadi Natrun Monastery of St. Macarius,,https://pleiades.stoa.org/places/727232
https://atlas.paths-erc.eu/places/206,Wadi Natrun Monastery of the Syrians,,https://pleiades.stoa.org/places/727232
https://atlas.paths-erc.eu/places/369,Wadi Sarga,,https://pleiades.stoa.org/places/756676
https://atlas.paths-erc.eu/places/191,Western Thebes,,https://pleiades.stoa.org/places/786067
https://atlas.paths-erc.eu/places/315,Western Thebes C 6,,https://pleiades.stoa.org/places/786067
https://atlas.paths-erc.eu/places/318,Western Thebes C 7,,https://pleiades.stoa.org/places/786067
https://atlas.paths-erc.eu/places/320,Western Thebes C' 7,,https://pleiades.stoa.org/places/786067
https://atlas.paths-erc.eu/places/303,Western Thebes DeM 1006,,https://pleiades.stoa.org/places/864388873
https://atlas.paths-erc.eu/places/309,Western Thebes DeM 1147,,https://pleiades.stoa.org/places/864388873
https://atlas.paths-erc.eu/places/310,Western Thebes DeM 1148,,https://pleiades.stoa.org/places/864388873
https://atlas.paths-erc.eu/places/311,Western Thebes DeM 1150,,https://pleiades.stoa.org/places/864388873
https://atlas.paths-erc.eu/places/312,Western Thebes DeM 1197,,https://pleiades.stoa.org/places/864388873
https://atlas.paths-erc.eu/places/302,Western Thebes DeM 1346,,https://pleiades.stoa.org/places/864388873
https://atlas.paths-erc.eu/places/319,Western Thebes DeM 1400,,https://pleiades.stoa.org/places/864388873
https://atlas.paths-erc.eu/places/284,Western Thebes DeM 1437,,https://pleiades.stoa.org/places/864388873
https://atlas.paths-erc.eu/places/285,Western Thebes DeM 1438,,https://pleiades.stoa.org/places/864388873
https://atlas.paths-erc.eu/places/292,Western Thebes DeM 1446,,https://pleiades.stoa.org/places/864388873
https://atlas.paths-erc.eu/places/290,Western Thebes DeM 1447,,https://pleiades.stoa.org/places/864388873
https://atlas.paths-erc.eu/places/289,Western Thebes DeM 1449,,https://pleiades.stoa.org/places/864388873
https://atlas.paths-erc.eu/places/288,Western Thebes DeM 1450,,https://pleiades.stoa.org/places/864388873
https://atlas.paths-erc.eu/places/297,Western Thebes DeM 1451,,https://pleiades.stoa.org/places/864388873
https://atlas.paths-erc.eu/places/313,Western Thebes DeM 2002 - DeM 2003 - DeM 2004,,https://pleiades.stoa.org/places/864388873
https://atlas.paths-erc.eu/places/228,Western Thebes K 131 [K93.11] - K 130 [K93.12],,https://pleiades.stoa.org/places/786014
https://atlas.paths-erc.eu/places/247,Western Thebes K 298,,https://pleiades.stoa.org/places/786067
https://atlas.paths-erc.eu/places/257,Western Thebes K 85,,https://pleiades.stoa.org/places/786067
https://atlas.paths-erc.eu/places/232,Western Thebes [K91.1],,https://pleiades.stoa.org/places/786067
https://atlas.paths-erc.eu/places/259,Western Thebes KV 1,,https://pleiades.stoa.org/places/384697574
https://atlas.paths-erc.eu/places/269,Western Thebes KV 2,,https://pleiades.stoa.org/places/384697574
https://atlas.paths-erc.eu/places/273,Western Thebes KV 24,,https://pleiades.stoa.org/places/384697574
https://atlas.paths-erc.eu/places/262,Western Thebes KV 3,,https://pleiades.stoa.org/places/384697574
https://atlas.paths-erc.eu/places/263,Western Thebes KV 4,,https://pleiades.stoa.org/places/384697574
https://atlas.paths-erc.eu/places/270,Western Thebes KV 5,,https://pleiades.stoa.org/places/384697574
https://atlas.paths-erc.eu/places/271,Western Thebes KV 6,,https://pleiades.stoa.org/places/384697574
https://atlas.paths-erc.eu/places/272,Western Thebes KV 8,,https://pleiades.stoa.org/places/384697574
https://atlas.paths-erc.eu/places/268,Western Thebes KV 9,,https://pleiades.stoa.org/places/384697574
https://atlas.paths-erc.eu/places/332,Western Thebes MMA 1106,,https://pleiades.stoa.org/places/786067
https://atlas.paths-erc.eu/places/333,Western Thebes MMA 1107 (=TT 22),,https://pleiades.stoa.org/places/786067
https://atlas.paths-erc.eu/places/334,Western Thebes MMA 1109,,https://pleiades.stoa.org/places/786067
https://atlas.paths-erc.eu/places/335,Western Thebes MMA 1112,,https://pleiades.stoa.org/places/786067
https://atlas.paths-erc.eu/places/82,Western Thebes MMA 1152,,https://pleiades.stoa.org/places/786067
https://atlas.paths-erc.eu/places/330,Western Thebes MMA 803,,https://pleiades.stoa.org/places/786067
https://atlas.paths-erc.eu/places/331,Western Thebes MMA 804,,https://pleiades.stoa.org/places/786067
https://atlas.paths-erc.eu/places/277,Western Thebes Mortuary complex of Ramses II,,https://pleiades.stoa.org/places/963047542
https://atlas.paths-erc.eu/places/278,Western Thebes Mortuary Temple of Seti I,,https://pleiades.stoa.org/places/786067
https://atlas.paths-erc.eu/places/291,Western Thebes QV 1,,https://pleiades.stoa.org/places/786067
https://atlas.paths-erc.eu/places/294,Western Thebes QV 12,,https://pleiades.stoa.org/places/786067
https://atlas.paths-erc.eu/places/293,Western Thebes QV 2,,https://pleiades.stoa.org/places/786067
https://atlas.paths-erc.eu/places/296,Western Thebes QV 21,,https://pleiades.stoa.org/places/786067
https://atlas.paths-erc.eu/places/295,Western Thebes QV 22,,https://pleiades.stoa.org/places/786067
https://atlas.paths-erc.eu/places/305,Western Thebes QV 44,,https://pleiades.stoa.org/places/786067
https://atlas.paths-erc.eu/places/299,Western Thebes QV 60,,https://pleiades.stoa.org/places/786067
https://atlas.paths-erc.eu/places/300,Western Thebes QV 73,,https://pleiades.stoa.org/places/786067
https://atlas.paths-erc.eu/places/301,Western Thebes QV 79,,https://pleiades.stoa.org/places/786067
https://atlas.paths-erc.eu/places/321,Western Thebes QV hamlet,,https://pleiades.stoa.org/places/786067
https://atlas.paths-erc.eu/places/286,Western Thebes Ramesside votive chapel,,https://pleiades.stoa.org/places/864388873
https://atlas.paths-erc.eu/places/246,Western Thebes TT 109,,https://pleiades.stoa.org/places/786067
https://atlas.paths-erc.eu/places/219,Western Thebes TT 157,,https://pleiades.stoa.org/places/786067
https://atlas.paths-erc.eu/places/241,Western Thebes TT 158,,https://pleiades.stoa.org/places/786067
https://atlas.paths-erc.eu/places/240,Western Thebes TT 160,,https://pleiades.stoa.org/places/786067
https://atlas.paths-erc.eu/places/261,Western Thebes TT 183,,https://pleiades.stoa.org/places/786067
https://atlas.paths-erc.eu/places/245,Western Thebes TT 20,,https://pleiades.stoa.org/places/786067
https://atlas.paths-erc.eu/places/267,Western Thebes TT 223,,https://pleiades.stoa.org/places/786067
https://atlas.paths-erc.eu/places/235,Western Thebes TT 225,,https://pleiades.stoa.org/places/786067
https://atlas.paths-erc.eu/places/234,Western Thebes TT 230,,https://pleiades.stoa.org/places/786067
https://atlas.paths-erc.eu/places/265,Western Thebes TT 240 (=MMA 517),,https://pleiades.stoa.org/places/786067
https://atlas.paths-erc.eu/places/314,Western Thebes TT 251,,https://pleiades.stoa.org/places/786067
https://atlas.paths-erc.eu/places/242,Western Thebes TT 282,,https://pleiades.stoa.org/places/786067
https://atlas.paths-erc.eu/places/244,Western Thebes TT 288 - 289,,https://pleiades.stoa.org/places/786067
https://atlas.paths-erc.eu/places/199,Western Thebes TT 29,,https://pleiades.stoa.org/places/786067
https://atlas.paths-erc.eu/places/275,Western Thebes TT 310 (=MMA505),,https://pleiades.stoa.org/places/786067
https://atlas.paths-erc.eu/places/266,Western Thebes TT 312 (=MMA 509),,https://pleiades.stoa.org/places/786067
https://atlas.paths-erc.eu/places/260,Western Thebes TT 32,,https://pleiades.stoa.org/places/786067
https://atlas.paths-erc.eu/places/304,Western Thebes TT 336,,https://pleiades.stoa.org/places/864388873
https://atlas.paths-erc.eu/places/237,Western Thebes TT 35,,https://pleiades.stoa.org/places/786067
https://atlas.paths-erc.eu/places/254,Western Thebes TT 367,,https://pleiades.stoa.org/places/786067
https://atlas.paths-erc.eu/places/256,Western Thebes TT 373,,https://pleiades.stoa.org/places/786067
https://atlas.paths-erc.eu/places/255,Western Thebes TT 39,,https://pleiades.stoa.org/places/786067
https://atlas.paths-erc.eu/places/307,Western Thebes TT 46,,https://pleiades.stoa.org/places/786067
https://atlas.paths-erc.eu/places/258,Western Thebes TT 49,,https://pleiades.stoa.org/places/786067
https://atlas.paths-erc.eu/places/308,Western Thebes TT 52,,https://pleiades.stoa.org/places/786067
https://atlas.paths-erc.eu/places/226,Western Thebes TT 56,,https://pleiades.stoa.org/places/786067
https://atlas.paths-erc.eu/places/229,Western Thebes TT 72,,https://pleiades.stoa.org/places/786067
https://atlas.paths-erc.eu/places/233,Western Thebes TT 75,,https://pleiades.stoa.org/places/786067
https://atlas.paths-erc.eu/places/236,Western Thebes TT 82,,https://pleiades.stoa.org/places/786067
https://atlas.paths-erc.eu/places/251,Western Thebes TT 84,,https://pleiades.stoa.org/places/786067
https://atlas.paths-erc.eu/places/250,"Western Thebes TT 85, TT 87",,https://pleiades.stoa.org/places/786067
https://atlas.paths-erc.eu/places/248,Western Thebes TT 86,,https://pleiades.stoa.org/places/786067
https://atlas.paths-erc.eu/places/249,Western Thebes TT 87,,https://pleiades.stoa.org/places/786067
https://atlas.paths-erc.eu/places/253,Western Thebes TT 92,,https://pleiades.stoa.org/places/786067
https://atlas.paths-erc.eu/places/252,Western Thebes TT 94,,https://pleiades.stoa.org/places/786067
https://atlas.paths-erc.eu/places/220,Western Thebes TT 95,,https://pleiades.stoa.org/places/786067
https://atlas.paths-erc.eu/places/239,Western Thebes TT 96,,https://pleiades.stoa.org/places/786067
https://atlas.paths-erc.eu/places/224,Western Thebes TT 97,,https://pleiades.stoa.org/places/786067
https://atlas.paths-erc.eu/places/221,Western Thebes TT 99,,https://pleiades.stoa.org/places/786067
https://atlas.paths-erc.eu/places/196,Western Thebes TT C3,,https://pleiades.stoa.org/places/786067
https://atlas.paths-erc.eu/places/222,Western Thebes Winlock - Crum site 26,,https://pleiades.stoa.org/places/786014
https://atlas.paths-erc.eu/places/223,Western Thebes Winlock - Crum site 27,,https://pleiades.stoa.org/places/786014
https://atlas.paths-erc.eu/places/230,Western Thebes Winlock - Crum site 29,,https://pleiades.stoa.org/places/786067
https://atlas.paths-erc.eu/places/283,Western Thebes Winlock - Crum site 6,,https://pleiades.stoa.org/places/786067
https://atlas.paths-erc.eu/places/227,Western Thebes Winlock - Crum sites 30-32 (site 33),,https://pleiades.stoa.org/places/786014
https://atlas.paths-erc.eu/places/4,Xois,,https://pleiades.stoa.org/places/727256
