pid,uri,title,osm_way_ids
49931,https://pleiades.stoa.org/places/49931,Cabirus (river),location-of-Cabirus-fl
50117,https://pleiades.stoa.org/places/50117,Mandas (river),location-of-Mandas-fl
50156,https://pleiades.stoa.org/places/50156,Namades/Lamnaios (river),osm-location|osm-location-of-narmada-river-mouth
50182,https://pleiades.stoa.org/places/50182,Ouangana? (island),location-of-pungudutivu
59684,https://pleiades.stoa.org/places/59684,Antibolei (river),location-of-Skip-to-content-Skip-to-navigation
59757,https://pleiades.stoa.org/places/59757,Cainnas (river),osm-location
59763,https://pleiades.stoa.org/places/59763,Casuagus/Kossoanos (river),location-of-Casuagus-Kossoanos-fl
59774,https://pleiades.stoa.org/places/59774,Choes? (river),osm-location
59789,https://pleiades.stoa.org/places/59789,Dargoidos? (river),osm-location
59798,https://pleiades.stoa.org/places/59798,Dymos? (river),osm-location
59811,https://pleiades.stoa.org/places/59811,Euas(...) (river),osm-location
59851,https://pleiades.stoa.org/places/59851,Indus/Sinthos/Phison (river),location-of-course-of-Indus-Sinthos-Phison-fl
59969,https://pleiades.stoa.org/places/59969,Oxus (river),location-of-Oxus-fl
59999,https://pleiades.stoa.org/places/59999,Polytimetos (river),location-of-Polytimetos-fl
60090,https://pleiades.stoa.org/places/60090,Toutapos? (river),osm-location
79309,https://pleiades.stoa.org/places/79309,*Aventius (river),location-of-Aventius-fl
79329,https://pleiades.stoa.org/places/79329,Birgos? (river),location-of-Birgos-fl
79533,https://pleiades.stoa.org/places/79533,Isca (river),location-of-Isca-fl
79560,https://pleiades.stoa.org/places/79560,Leuca (river),location-of-Leuca-fl
79652,https://pleiades.stoa.org/places/79652,Ratostabios? (river),location-of-Ratostabios-fl
79666,https://pleiades.stoa.org/places/79666,Sabrina (river),location-of-Sabrina-fl
79699,https://pleiades.stoa.org/places/79699,Stoukkia (river),location-of-Stoukkia-fl
79717,https://pleiades.stoa.org/places/79717,To(u)bios (river),location-of-To-u-bios-fl
89103,https://pleiades.stoa.org/places/89103,Anava (river),location-of-river-annan
89145,https://pleiades.stoa.org/places/89145,Clota (river),osm-location-of-Clota-fl
89163,https://pleiades.stoa.org/places/89163,Deoua (river),location-of-river-dee-galloway
89170,https://pleiades.stoa.org/places/89170,Dumna Ins.,osm-location
89198,https://pleiades.stoa.org/places/89198,(H)Ebudes (islands),location-of-scalpay-inner-hebrides
89204,https://pleiades.stoa.org/places/89204,Ila (river),location-of-Ila-fl
89210,https://pleiades.stoa.org/places/89210,Itouna (river),location-of-Itouna-fl
89233,https://pleiades.stoa.org/places/89233,Loxa (river),location-of-Loxa-fl
89248,https://pleiades.stoa.org/places/89248,Nabaros (river),osm-location
89249,https://pleiades.stoa.org/places/89249,*Nassa (river),osm-location
89255,https://pleiades.stoa.org/places/89255,Noouios (river),location-of-river-nith
89286,https://pleiades.stoa.org/places/89286,*Scitis,location-of-scitis
99043,https://pleiades.stoa.org/places/99043,Teutoburgiensis? Saltus,location-of-teutoburgiensis-saltus
108732,https://pleiades.stoa.org/places/108732,Alisontia (river),osm-location
108813,https://pleiades.stoa.org/places/108813,Bleza (river),location-of-Bleza-fl
108874,https://pleiades.stoa.org/places/108874,Celbis (river),location-of-Celbis-fl
108934,https://pleiades.stoa.org/places/108934,Drahonus (river),osm-location
109067,https://pleiades.stoa.org/places/109067,Isara (river),location-of-loise-river
109168,https://pleiades.stoa.org/places/109168,Moenus (river),location-of-Moenus-fl
109293,https://pleiades.stoa.org/places/109293,Rura (river),location-of-Rura-fl
109299,https://pleiades.stoa.org/places/109299,Sabis? (river),osm-location
109322,https://pleiades.stoa.org/places/109322,Saravus (river),osm-location
109407,https://pleiades.stoa.org/places/109407,Vacalus/Vahalis (river),location-of-Vacalus-Vahalis-fl
118565,https://pleiades.stoa.org/places/118565,Anisus (river),osm-location
118664,https://pleiades.stoa.org/places/118664,*Elantia (river),location-of-Elantia-fl
118996,https://pleiades.stoa.org/places/118996,Tragisa(mus) (river),location-of-Skip-to-content-Skip-to-navigation
128451,https://pleiades.stoa.org/places/128451,Marus (river),osm-location
138182,https://pleiades.stoa.org/places/138182,Anger? (river),location-of-Anger-fl
138334,https://pleiades.stoa.org/places/138334,Duranius (river),location-of-Duranius-fl
148150,https://pleiades.stoa.org/places/148150,Ovidis (river),location-of-Ovidis-fl
148206,https://pleiades.stoa.org/places/148206,Stomalimne/Mastramela Stagnum,location-of-stomalimne-mastramela-stagnum
148238,https://pleiades.stoa.org/places/148238,Vindelicus/Soulgas (river),location-of-Vindelicus-Soulgas-fl
157837,https://pleiades.stoa.org/places/157837,Costa Bellene/Ballene (Capo Don?),costa-balenae-archaeological-area
157929,https://pleiades.stoa.org/places/157929,Stoechades (islands),osm-location-of-port-cros-island|osm-location-of-ile-de-porquerolles
157942,https://pleiades.stoa.org/places/157942,Varus (river),location-of-Varus-fl
187274,https://pleiades.stoa.org/places/187274,Alsa (river),location-of-Alsa-fl
187487,https://pleiades.stoa.org/places/187487,Natiso (river),location-of-Natiso-fl
187562,https://pleiades.stoa.org/places/187562,*Summus L.,location-of-lago-di-mezzola
187607,https://pleiades.stoa.org/places/187607,Varamos (river),location-of-Varamos-fl
197123,https://pleiades.stoa.org/places/197123,Apsyrta/Crepsa (island),location-of-Apsyrta-Crepsa-Ins
197142,https://pleiades.stoa.org/places/197142,Arsia (river),location-of-Arsia-fl
197205,https://pleiades.stoa.org/places/197205,Celadussae (islands),location-of-ugljan
197224,https://pleiades.stoa.org/places/197224,Corcyra Nigra (island),location-of-Corcyra-Nigra-Ins
197253,https://pleiades.stoa.org/places/197253,Dravus (river),location-of-Dravus-fl
197257,https://pleiades.stoa.org/places/197257,Elaphites (islands),location-of-sipan
197278,https://pleiades.stoa.org/places/197278,Formio (river),location-of-risano-river
197342,https://pleiades.stoa.org/places/197342,Ladesta (island),location-of-Ladesta-Ins
197430,https://pleiades.stoa.org/places/197430,Pelso L.,location-of-Pelso-L
197455,https://pleiades.stoa.org/places/197455,Portunata Ins.,location-of-dugi-otok
197483,https://pleiades.stoa.org/places/197483,Sala (river),Sala-fl
197546,https://pleiades.stoa.org/places/197546,Tedanius (river),location-of-zrmanja-river
207069,https://pleiades.stoa.org/places/207069,Dard(...),osm-location
207332,https://pleiades.stoa.org/places/207332,Pathissus (river),location-of-tisza-river
216716,https://pleiades.stoa.org/places/216716,Asamus (river),osm-location
216717,https://pleiades.stoa.org/places/216717,Athrys/Iatros/Ieterus (river),osm-location
226505,https://pleiades.stoa.org/places/226505,Acesinus? (river),location-of-inhulets-river
226572,https://pleiades.stoa.org/places/226572,Coretus Sinus,location-of-coretus-sinus
226677,https://pleiades.stoa.org/places/226677,Leuke Ins./Achilleos Nesos,location-of-leuke-ins-achilleos-nesos
236445,https://pleiades.stoa.org/places/236445,Corticata (island),location-of-Corticata-Ins
236453,https://pleiades.stoa.org/places/236453,Ducanaris? (river),location-of-Ducanaris-fl
236549,https://pleiades.stoa.org/places/236549,Monte Mozinho,osm-location
236559,https://pleiades.stoa.org/places/236559,Namnasa (river),location-of-rio-nansa
236562,https://pleiades.stoa.org/places/236562,Nebis River,osm-location
236676,https://pleiades.stoa.org/places/236676,Tamaris (river),location-of-Tamaris-fl
236700,https://pleiades.stoa.org/places/236700,Ulla (river),location-of-Ulla-fl
237833,https://pleiades.stoa.org/places/237833,"Unnamed Roman Bridge (Villafranca del Bierzo, over R. Burbia)",location-of-roman-bridge
246154,https://pleiades.stoa.org/places/246154,Alba (river),osm-location
246517,https://pleiades.stoa.org/places/246517,Neroua (river),location-of-Neroua-fl
246593,https://pleiades.stoa.org/places/246593,Rubricatum (river),location-of-Rubricatum-fl
246654,https://pleiades.stoa.org/places/246654,Sicoris (river),osm-location
246691,https://pleiades.stoa.org/places/246691,Ticis? (river),location-of-muga-river
256016,https://pleiades.stoa.org/places/256016,Barbesula (river),location-of-Barbesula-fl
256024,https://pleiades.stoa.org/places/256024,Besilus (river),location-of-Besilus-fl
256242,https://pleiades.stoa.org/places/256242,Kal(l)ipous (river),location-of-rio-sado
256248,https://pleiades.stoa.org/places/256248,Lacca (river),location-of-Lacca-fl
256263,https://pleiades.stoa.org/places/256263,Ligustinus (lacus),location-of-Ligustinus-L
256327,https://pleiades.stoa.org/places/256327,Norba/Col. Norbensis Caesarina,location-of-caceres-spain
256415,https://pleiades.stoa.org/places/256415,Salduba (river),guadalhorce-river
265875,https://pleiades.stoa.org/places/265875,Colubraria/Ophiussa (island),location-of-Colubraria-Ophiussa-Ins
268784,https://pleiades.stoa.org/places/268784,Alcantarilla Roman Dam,alcantarilla-roman-dam
275640,https://pleiades.stoa.org/places/275640,Heras? (island),location-of-Heras-Ins
275733,https://pleiades.stoa.org/places/275733,Tamuda (river),location-of-Tamuda-fl
285440,https://pleiades.stoa.org/places/285440,Error? (island),osm-location-of-ile-plane
285540,https://pleiades.stoa.org/places/285540,Tres (islands),isla-isabel-ii|isla-del-rey|isla-del-congreso
324690,https://pleiades.stoa.org/places/324690,Cercina (island),location-of-Cercina-Ins
334615,https://pleiades.stoa.org/places/334615,Salinae *Tubunenses,location-of-chott-el-hodna
344335,https://pleiades.stoa.org/places/344335,Cephalae Pr.,location-of-Cephalae-Pr
383562,https://pleiades.stoa.org/places/383562,Agunia (river),location-of-course-of-Agunia-fl
383624,https://pleiades.stoa.org/places/383624,[Comacina] (island),osm-location
383707,https://pleiades.stoa.org/places/383707,Mella (river),osm-location
383768,https://pleiades.stoa.org/places/383768,Sarius (river),osm-location
383802,https://pleiades.stoa.org/places/383802,Trebia (river),osm-location
393389,https://pleiades.stoa.org/places/393389,Bedesis (river),location-of-Bedesis-fl
393475,https://pleiades.stoa.org/places/393475,Plavis (river),location-of-Plavis-fl
393483,https://pleiades.stoa.org/places/393483,Rhenus (river),location-of-Rhenus-fl
403185,https://pleiades.stoa.org/places/403185,Auser (river),location-of-course-of-Auser-fl
403263,https://pleiades.stoa.org/places/403263,Prile (river),location-of-bruna-river
403264,https://pleiades.stoa.org/places/403264,Prilius L.,location-of-padule-della-diaccia-botrona
413038,https://pleiades.stoa.org/places/413038,Aspia (river),location-of-Aspia-fl
413047,https://pleiades.stoa.org/places/413047,Avens (river),location-of-velino-river
413088,https://pleiades.stoa.org/places/413088,Clanis (river),location-of-Clanis-fl
413091,https://pleiades.stoa.org/places/413091,Clitumnus (river),osm-location-of-fiume-clitunno
413108,https://pleiades.stoa.org/places/413108,Crustumius (river),location-of-Crustumius-fl
413199,https://pleiades.stoa.org/places/413199,Metaurus (river),location-of-Metaurus-fl
413201,https://pleiades.stoa.org/places/413201,Mevaniola,location-of-mevaniola
413235,https://pleiades.stoa.org/places/413235,Osa (river),osm-location
413257,https://pleiades.stoa.org/places/413257,Pisaurus (river),location-of-foglia-river
413335,https://pleiades.stoa.org/places/413335,Tessuinus (river),location-of-Tessuinus-fl
422828,https://pleiades.stoa.org/places/422828,Albunea (river),location-of-solforata
422912,https://pleiades.stoa.org/places/422912,Cremera (river),location-of-torrente-valchetta
423134,https://pleiades.stoa.org/places/423134,Villa Torlonia,location-of-villa-torlonia
423562,https://pleiades.stoa.org/places/423562,Aqua Appia,location-of-aqua-appia
423563,https://pleiades.stoa.org/places/423563,Aqua Claudia,location-of-aqua-claudia
423565,https://pleiades.stoa.org/places/423565,Aqua Marcia,location-of-aqueduct
432676,https://pleiades.stoa.org/places/432676,Angitiae Lucus,osm-location
432786,https://pleiades.stoa.org/places/432786,Clanius (river),location-of-regi-lagni
432863,https://pleiades.stoa.org/places/432863,Gianola,location-of-villa-mamurra
432886,https://pleiades.stoa.org/places/432886,‘Iovis Lareni’,osm-location
432910,https://pleiades.stoa.org/places/432910,Liris/Clanis (river),location-of-Liris-Clanis-fl
442508,https://pleiades.stoa.org/places/442508,Bradanus (river),location-of-Bradanus-fl|osm-location-of-river-mouth
442537,https://pleiades.stoa.org/places/442537,Casuentus (river),location-of-Casuentus-fl
442567,https://pleiades.stoa.org/places/442567,Diomedeae Islands,location-of-isola-cretaccio
442633,https://pleiades.stoa.org/places/442633,Leucosia (island),location-of-Leucosia-Ins
442808,https://pleiades.stoa.org/places/442808,*Tamarus (river),location-of-Tamarus-fl
442840,https://pleiades.stoa.org/places/442840,Urias Sinus,location-of-urias-sinus
452331,https://pleiades.stoa.org/places/452331,Halex? (river),osm-location-of-fiumara-di-melito
452441,https://pleiades.stoa.org/places/452441,Semirus (river),osm-location
462110,https://pleiades.stoa.org/places/462110,Bathys (river),location-of-Bathys-fl
462215,https://pleiades.stoa.org/places/462215,Gela(s) (river),location-of-Gela-s-fl
462226,https://pleiades.stoa.org/places/462226,Halaisos (river),location-of-Halaisos-fl
462245,https://pleiades.stoa.org/places/462245,Himeras (river),location-of-Himeras-fl
462246,https://pleiades.stoa.org/places/462246,Himeras (river),location-of-Himeras-fl
462248,https://pleiades.stoa.org/places/462248,Hipparis (river),location-of-Hipparis-fl
462249,https://pleiades.stoa.org/places/462249,Hirminum (river),location-of-Hirminum-fl
462265,https://pleiades.stoa.org/places/462265,Kakyparis (river),location-of-Kakyparis-fl
462290,https://pleiades.stoa.org/places/462290,Lykos (river),location-of-course-of-grande-river|location-of-course-of-arena-river|location-of-course-of-delia-river
462306,https://pleiades.stoa.org/places/462306,Mazara (river),location-of-Mazara-fl
462320,https://pleiades.stoa.org/places/462320,Monalos (river),location-of-Monalos-fl
462374,https://pleiades.stoa.org/places/462374,Motykanos (river),location-of-Motykanos-fl
462407,https://pleiades.stoa.org/places/462407,Pakonia? (island),location-of-Pakonia-Ins
462417,https://pleiades.stoa.org/places/462417,Pergus L.,location-of-Pergus-L
472010,https://pleiades.stoa.org/places/472010,Saipros (river),location-of-Saipros-fl
472030,https://pleiades.stoa.org/places/472030,Temos (river),location-of-Temos-fl
472077,https://pleiades.stoa.org/places/472077,Kaisias Aigialos,osm-location
472091,https://pleiades.stoa.org/places/472091,Lokra (river),osm-location
472122,https://pleiades.stoa.org/places/472122,Rhotanos (river),location-of-Rhotanos-fl
472135,https://pleiades.stoa.org/places/472135,Tikarios (river),location-of-Tikarios-fl
481740,https://pleiades.stoa.org/places/481740,Argyas (river),osm-location-of-shushica-river
481890,https://pleiades.stoa.org/places/481890,Labeatis L.,location-of-Labeatis-L
491534,https://pleiades.stoa.org/places/491534,Axios (river),location-of-Axios-fl
491550,https://pleiades.stoa.org/places/491550,Bolbe (lake),location-of-lake-bolbe
491635,https://pleiades.stoa.org/places/491635,Kerkinitis L.,location-of-Kerkinitis-L
491682,https://pleiades.stoa.org/places/491682,Pallene/Phlegra,location-of-pallene-phlegra
501432,https://pleiades.stoa.org/places/501432,Hebros (river),location-of-Hebros-fl
501440,https://pleiades.stoa.org/places/501440,Ismaris L.,location-of-Ismaris-L
511166,https://pleiades.stoa.org/places/511166,Askania L.,location-of-Askania-L
511191,https://pleiades.stoa.org/places/511191,Boane/Sunonensis (lake),location-of-Boane-Sunonensis-L
511232,https://pleiades.stoa.org/places/511232,Delkos/Derkos/Phileatine,modern-shoreline-derkoz-golu
511239,https://pleiades.stoa.org/places/511239,Drakon (river),osm-location-of-yalakdere
511312,https://pleiades.stoa.org/places/511312,Mekestos (river),location-of-Mekestos-fl
511340,https://pleiades.stoa.org/places/511340,Odryses (river),location-of-Odryses-fl
521078,https://pleiades.stoa.org/places/521078,Megale/Pityodes/Prinkipos Ins.,location-of-Megale-Pityodes-Prinkipos-Ins
521131,https://pleiades.stoa.org/places/521131,Prota (island),location-of-Prota-Ins
521162,https://pleiades.stoa.org/places/521162,(T)Erebinthodes Ins.,location-of-T-Erebinthodes-Ins
530807,https://pleiades.stoa.org/places/530807,Arachthos/Araththos/Aratthos/Aracthus (river),location-of-Arachthos
540605,https://pleiades.stoa.org/places/540605,Aigilia? (island),osm-location
540747,https://pleiades.stoa.org/places/540747,Dystos? L.,location-of-Dystos-L
540780,https://pleiades.stoa.org/places/540780,Euenos (river),osm-location-of-evinos-river
541089,https://pleiades.stoa.org/places/541089,Scandira (island),location-of-Scandira-Ins
550493,https://pleiades.stoa.org/places/550493,Chalkis? (island),location-of-c131plak-adas131
550521,https://pleiades.stoa.org/places/550521,Drymousa (island),locaton-of-uzunada-island
550563,https://pleiades.stoa.org/places/550563,Halonessos Ins.,location-of-carufa-adas131
550575,https://pleiades.stoa.org/places/550575,Hermus (river),location-of-Hermus-fl
550579,https://pleiades.stoa.org/places/550579,Hippoi Inss.,osm-way-195003687|osm-way-4907684
550624,https://pleiades.stoa.org/places/550624,Karkasos (river),location-of-Karkasos-fl
550698,https://pleiades.stoa.org/places/550698,Leukai (islands),location-of-barbalias|location-of-panagia
550721,https://pleiades.stoa.org/places/550721,Marathoussa (island),osm-location
550794,https://pleiades.stoa.org/places/550794,Pactolus (river),location-of-Pactolus-fl
550807,https://pleiades.stoa.org/places/550807,Pele (island),osm-location
550827,https://pleiades.stoa.org/places/550827,Phrygios (river),location-of-Phrygios-fl
550850,https://pleiades.stoa.org/places/550850,Pyrra Pr.,osm-location
550874,https://pleiades.stoa.org/places/550874,Selinos (river),osm-location
550939,https://pleiades.stoa.org/places/550939,Torrebia L.,location-of-goelcuk
570108,https://pleiades.stoa.org/places/570108,Aristera Ins.,location-of-Aristera-Ins
570355,https://pleiades.stoa.org/places/570355,Kerynitis (river),osm-location-of-modern-vouraikos-river-2
570646,https://pleiades.stoa.org/places/570646,Rhion Pr.,location-of-Rhion-Pr
570704,https://pleiades.stoa.org/places/570704,Tan(a)os (river),location-of-tanos-river
589736,https://pleiades.stoa.org/places/589736,Boudroe Inss.,souda
589741,https://pleiades.stoa.org/places/589741,Chalke,osm-location-of-halki-island
589771,https://pleiades.stoa.org/places/589771,Elektra (river),location-of-platys-potamos-river
589853,https://pleiades.stoa.org/places/589853,Katarraktes? (river),location-of-anapodaris-river
589906,https://pleiades.stoa.org/places/589906,Letoa (island),osm-way-28555725|osm-way-28555726
589911,https://pleiades.stoa.org/places/589911,Libeia? Ins.,location-of-Libeia-Ins
589924,https://pleiades.stoa.org/places/589924,Massalia? (river),location-of-Massalia-fl
589929,https://pleiades.stoa.org/places/589929,Messapos? (river),osm-way-98610618
589964,https://pleiades.stoa.org/places/589964,Oxeia Ins.,location-of-Oxeia-Ins
599477,https://pleiades.stoa.org/places/599477,Akrite (island),osm-way-4887778
599498,https://pleiades.stoa.org/places/599498,Anydros? (island),osm-location-of-anydros-island
599515,https://pleiades.stoa.org/places/599515,Argiai (islands),osm-location-of-strongili
599590,https://pleiades.stoa.org/places/599590,Dia? (island),osm-location
599596,https://pleiades.stoa.org/places/599596,Donousa (island),osm-location
599605,https://pleiades.stoa.org/places/599605,Elaioussa Ins.,osm-location
599695,https://pleiades.stoa.org/places/599695,Karyanda/Krousa? (island),osm-location
599757,https://pleiades.stoa.org/places/599757,Leia? (island),osm-location
599762,https://pleiades.stoa.org/places/599762,Lepsimandos? Ins.,location-of-Lepsimandos-Ins
599828,https://pleiades.stoa.org/places/599828,Nisyrion (islands),osm-location-of-pakhia|osm-location-of-perigousa
599896,https://pleiades.stoa.org/places/599896,Polypodousa (island),location-of-Polypodousa-Ins
599928,https://pleiades.stoa.org/places/599928,Schinoussa (island),osm-location
599952,https://pleiades.stoa.org/places/599952,Syrie (island),osm-way-4517448
599954,https://pleiades.stoa.org/places/599954,Syrnos Ins.,osm-location
599956,https://pleiades.stoa.org/places/599956,Taramptos (island),osm-location
599961,https://pleiades.stoa.org/places/599961,Telos (island),location-of-Telos-Ins
599966,https://pleiades.stoa.org/places/599966,Termerion Pr.,osm-location
599974,https://pleiades.stoa.org/places/599974,Therasia (island),location-of-Therasia-Ins
599986,https://pleiades.stoa.org/places/599986,Tragia (island),location-of-Tragia-Ins
609496,https://pleiades.stoa.org/places/609496,Penkalas (river),location-of-Penkalas-fl
638739,https://pleiades.stoa.org/places/638739,Alina? (island),yass131ca-adas131
638781,https://pleiades.stoa.org/places/638781,Aulindenos? L.,location-of-Aulindenos-L
638889,https://pleiades.stoa.org/places/638889,Kalbis (river),location-of-Kalbis-fl
638903,https://pleiades.stoa.org/places/638903,Karysis? Ins.,osm-way-4517129
638906,https://pleiades.stoa.org/places/638906,Katarraktes (river),location-of-Katarraktes-fl
638956,https://pleiades.stoa.org/places/638956,Lebissos Ins.,location-of-gemile-adasi
638967,https://pleiades.stoa.org/places/638967,Lycus (river),location-of-curuksu
639045,https://pleiades.stoa.org/places/639045,Pedalion/Ankon Pr.,osm-location
639079,https://pleiades.stoa.org/places/639079,Rhoge (island),osm-way-4518733
639084,https://pleiades.stoa.org/places/639084,Ropisa Ins.,domuz-adas131
639132,https://pleiades.stoa.org/places/639132,Telandria Ins.,tersane-adas131
639168,https://pleiades.stoa.org/places/639168,Xenagori (islands),mouse-island|snake-island
648748,https://pleiades.stoa.org/places/648748,(P)Saros/Sinarus/Koiranos (river),location-of-P-Saros-Sinarus-Koiranos-fl
668400,https://pleiades.stoa.org/places/668400,Yanuh,osm-location
671953,https://pleiades.stoa.org/places/671953,Harbaqa Dam,location-of-harbaqa-dam
678095,https://pleiades.stoa.org/places/678095,Chrysoroas/Bardines (river),location-of-Chrysoroas-Bardines-fl
678103,https://pleiades.stoa.org/places/678103,Crocodilon (river),location-of-Crocodilon-fl
678192,https://pleiades.stoa.org/places/678192,Husn Niha,osm-location-of-lower-great-roman-temple
678268,https://pleiades.stoa.org/places/678268,Litas (river),location-of-Litas-fl
678274,https://pleiades.stoa.org/places/678274,Magoras (river),location-of-Magoras-fl
678330,https://pleiades.stoa.org/places/678330,Phiale Limne,location-of-phiale-limne
678385,https://pleiades.stoa.org/places/678385,Semachonitis L.,location-of-Semachonitis-L
697728,https://pleiades.stoa.org/places/697728,Amman/Philadelpheia,location-of-citadel-hill
727069,https://pleiades.stoa.org/places/727069,Agnou Keras Pr.,location-of-Agnou-Keras-Pr
727136,https://pleiades.stoa.org/places/727136,Kanope Ins.,location-of-ile-nelson
727172,https://pleiades.stoa.org/places/727172,Nilus (river),location-of-course-of-Nilus-fl
727187,https://pleiades.stoa.org/places/727187,Paralios Limne,location-of-paralios-limne
766411,https://pleiades.stoa.org/places/766411,Umm Balad,location-of-roman-fort
776147,https://pleiades.stoa.org/places/776147,Ain Labakha,location-of-ain-labakha
776178,https://pleiades.stoa.org/places/776178,Qasr al-Gib,location-of-qasr-el-gibb
785958,https://pleiades.stoa.org/places/785958,Abbad,location-of-abbad
785965,https://pleiades.stoa.org/places/785965,Abu Rahal,osm-location
785966,https://pleiades.stoa.org/places/785966,Abu Rahal West,osm-location
785977,https://pleiades.stoa.org/places/785977,Aristonis,wadi-gerf
786040,https://pleiades.stoa.org/places/786040,Hydreuma to epi tou Paneiou,location-of-roman-fort
786058,https://pleiades.stoa.org/places/786058,Lahami,wadi-lahma
786063,https://pleiades.stoa.org/places/786063,Matula,location-of-matula
786064,https://pleiades.stoa.org/places/786064,Maximianon,location-of-ez-zerqah
786074,https://pleiades.stoa.org/places/786074,Nechesia?,osm-location
786105,https://pleiades.stoa.org/places/786105,Samut 2,samut-2
786108,https://pleiades.stoa.org/places/786108,Seyhrig,seyhrig
786136,https://pleiades.stoa.org/places/786136,Umm Garahish,umm-garahish
805593,https://pleiades.stoa.org/places/805593,Astaboras (river),location-of-Astaboras-fl
825273,https://pleiades.stoa.org/places/825273,Hypanis (river),location-of-course-of-Hypanis-fl
825398,https://pleiades.stoa.org/places/825398,Tanais (river),location-of-Tanais-fl
834296,https://pleiades.stoa.org/places/834296,Rha/Attila (river),osm-location|osm-location-of-downstream-channel
854665,https://pleiades.stoa.org/places/854665,Antikeites (river),location-of-Antikeites-fl
854686,https://pleiades.stoa.org/places/854686,Hermonassa (island),location-of-Hermonassa-Ins
857015,https://pleiades.stoa.org/places/857015,Akampsis (river),location-of-Akampsis-fl
857031,https://pleiades.stoa.org/places/857031,Anthemus? (river),location-of-41344343c438441442430-gumista-river
857042,https://pleiades.stoa.org/places/857042,Aretias/Areonesos (islands),location-of-Aretias-Areonesos-Ins
857045,https://pleiades.stoa.org/places/857045,‘Arios’/Charieis (river),location-of-2018Arios2019-Charieis-fl
857047,https://pleiades.stoa.org/places/857047,Askouros (river),location-of-Askouros-fl
857063,https://pleiades.stoa.org/places/857063,Boas/Harpasos (river),location-of-coruh-river
857092,https://pleiades.stoa.org/places/857092,Chorsos/Chobos (river),location-of-Chorsos-Chobos-fl
857187,https://pleiades.stoa.org/places/857187,Kilikon Nesos,location-of-kilikon-nesos
857236,https://pleiades.stoa.org/places/857236,Moches/Tarsouras?/Thersos?/Kyaneos?/Gyenos? (river),location-of-mokvi-river
857246,https://pleiades.stoa.org/places/857246,Nesis? (river),location-of-mzymta-river
857317,https://pleiades.stoa.org/places/857317,Sidenos (river),osm-location
863737,https://pleiades.stoa.org/places/863737,Alontas (river),osm-location-of-terek-river
863745,https://pleiades.stoa.org/places/863745,Armaouira,location-of-argishtikhinili
863791,https://pleiades.stoa.org/places/863791,Gerros (river),location-of-sulak-river
863795,https://pleiades.stoa.org/places/863795,Gorneae,location-of-gorneae
863899,https://pleiades.stoa.org/places/863899,Sontas (river),location-of-sunhza-river
874304,https://pleiades.stoa.org/places/874304,Aghtamar,osm-location-of-fort
874502,https://pleiades.stoa.org/places/874502,Hasanlu tepe,location-of-hasanlu-tepe
874545,https://pleiades.stoa.org/places/874545,Kentrites/Tigris/Zirmas,upper-reaches-of-the-botan-cay131|location-of-Kentrites-Tigris-Zirmas-fl
874762,https://pleiades.stoa.org/places/874762,Thannuris,osm-location
884173,https://pleiades.stoa.org/places/884173,Kyros (river),location-of-kur-river
884189,https://pleiades.stoa.org/places/884189,Orotan (river),location-of-vorotan-river
893988,https://pleiades.stoa.org/places/893988,Dur-(Kuri)galzu,osm-location
894183,https://pleiades.stoa.org/places/894183,Zabas Megas (river),location-of-Zabas-Megas-Zapatas-Lykos-fl
894184,https://pleiades.stoa.org/places/894184,Zabas Mikros/Kapros?/Zerbis? (river),location-of-Zabas-Mikros-Kapros-Zerbis-fl
912810,https://pleiades.stoa.org/places/912810,Arakia? (island),location-of-Arakia-Ins
912855,https://pleiades.stoa.org/places/912855,[Girsu]/Tello(h),osm-location
912935,https://pleiades.stoa.org/places/912935,Shaur/Choaspes?/Eulaeus?/Uknu? (river),location-of-Shaur-Choaspes-Eulaeus-Uknu-fl
912992,https://pleiades.stoa.org/places/912992,Zoreh/Or(o)atis? (river),osm-location-of-zohreh-river
922657,https://pleiades.stoa.org/places/922657,Helleh/Granis? (river),osm-location-of-rud-e-helleh
922701,https://pleiades.stoa.org/places/922701,Pulvar/Araxes? (river),osm-location
942246,https://pleiades.stoa.org/places/942246,Atrek/Sideris?/Sarnios? (river),location-of-Atrek-Sideris-Sarnios-fl
961882,https://pleiades.stoa.org/places/961882,Arius (river),location-of-Arius-fl
1677899,https://pleiades.stoa.org/places/1677899,Sa Mandra Manna,osm-location
5108305,https://pleiades.stoa.org/places/5108305,Nossa Senhora da Tourega,osm-location
6525101,https://pleiades.stoa.org/places/6525101,Broch of Mousa,location-of-broch-of-mousa
9547770,https://pleiades.stoa.org/places/9547770,Sklavokampos,location-of-sklavokampos
12504073,https://pleiades.stoa.org/places/12504073,Yumuktepe,location-of-yumuktepe
12766857,https://pleiades.stoa.org/places/12766857,Roman theater at Benevento,location-of-roman-theater
13999296,https://pleiades.stoa.org/places/13999296,Es Trepucó,location-of-es-trepuco
15230118,https://pleiades.stoa.org/places/15230118,Belvedere tomb,location-of-belvedere-tomb
18579265,https://pleiades.stoa.org/places/18579265,Illeta dels Banyets,osm-location
18950434,https://pleiades.stoa.org/places/18950434,Ponte del Diavolo,location-of-roman-bridge
23219358,https://pleiades.stoa.org/places/23219358,Roman theater at Amiternum,location-of-roman-theater
24992539,https://pleiades.stoa.org/places/24992539,Poundbury hillfort,location-of-poundbury-hillfort
26249986,https://pleiades.stoa.org/places/26249986,Nuraghe Armungia,osm-location
28868344,https://pleiades.stoa.org/places/28868344,Hambledon Hill,location-of-hambledon-hill
31345658,https://pleiades.stoa.org/places/31345658,Necropolis of Filigosa,osm-location
32331672,https://pleiades.stoa.org/places/32331672,Nuraghe Ruggiu at Filigosa,location-of-nuraghe-ruggiu-at-filigosa
34444021,https://pleiades.stoa.org/places/34444021,Sa Sedda 'e sos Carros,osm-location
35287426,https://pleiades.stoa.org/places/35287426,Torre degli Embrici,location-of-roman-villa
37452547,https://pleiades.stoa.org/places/37452547,Pyramid of Kenchreai,3a03c53c13b13bc3b43b1-3953bb3bb3b73bd3b93ba3bf
38626420,https://pleiades.stoa.org/places/38626420,Lupanar,lupanare
39090359,https://pleiades.stoa.org/places/39090359,Nuraghe Piscu,osm-location
40432758,https://pleiades.stoa.org/places/40432758,Bwrdd Arthur,location-of-bwrdd-arthur-hill-fort
41722592,https://pleiades.stoa.org/places/41722592,Nuraghe Terra Tenera,osm-location
42178779,https://pleiades.stoa.org/places/42178779,Maes Knoll hill fort,osm-location
42178780,https://pleiades.stoa.org/places/42178780,Hod Hill,location-of-hod-hill-hill-fort
44398170,https://pleiades.stoa.org/places/44398170,"Roman odeon, Vienne",location-of-roman-odeon
44707452,https://pleiades.stoa.org/places/44707452,Comblessac,osm-location-of-temple-romano-celtique-heptagonal
49430117,https://pleiades.stoa.org/places/49430117,Monastery of Simeon Stylites the Younger,location-of-monastery
50542877,https://pleiades.stoa.org/places/50542877,Tanella di Pitagora,location-of-tomb
52124866,https://pleiades.stoa.org/places/52124866,Roman amphitheater at Beth Govrin/Eleutheropolis,osm-location-of-roman-amphitheater
54214302,https://pleiades.stoa.org/places/54214302,Porta Flaminia,osm-location-of-porta-del-popolo
54976299,https://pleiades.stoa.org/places/54976299,Tumulus of Xhendremael,location-of-tumulus-of-xhendremael
56616071,https://pleiades.stoa.org/places/56616071,Pen-y-crug,location-of-pen-y-crug-hill-fort
56861725,https://pleiades.stoa.org/places/56861725,Beycesultan,location-of-beycesultan
60903328,https://pleiades.stoa.org/places/60903328,Villa de Santa Catarina de Sítimos,osm-location
63423309,https://pleiades.stoa.org/places/63423309,Agios Nikolaos (island),osm-location-of-agios-nikolaos
64187403,https://pleiades.stoa.org/places/64187403,Roman theater at Malaca,osm-location-of-theater
65323470,https://pleiades.stoa.org/places/65323470,Bouleuterion,bouleuterion
65595829,https://pleiades.stoa.org/places/65595829,Aiano-Torraccia di Chiusi Roman villa,location-of-villa-romana-di-aiano-torraccia-di
66028350,https://pleiades.stoa.org/places/66028350,Doric temple at Kaulonia,location-of-doric-temple
66838501,https://pleiades.stoa.org/places/66838501,Forum of Col. Augusta Raurica,location-of-the-forum
69882271,https://pleiades.stoa.org/places/69882271,Roman theater at Casinum,location-of-roman-theater
72972264,https://pleiades.stoa.org/places/72972264,Tumulus of Marcinelle,location-of-tumulus-of-marcinelle
75292543,https://pleiades.stoa.org/places/75292543,Çayönü,location-of-cayoenu
76617563,https://pleiades.stoa.org/places/76617563,Monterfil II at Corseul ,osm-location-of-archaeological-site-of-monterfil
82240558,https://pleiades.stoa.org/places/82240558,Kelsborrow Castle,location-of-kelsborrow-castle-hill-fort
82240559,https://pleiades.stoa.org/places/82240559,"Maiden Castle, Cheshire",location-of-maiden-castle-hill-fort
83424586,https://pleiades.stoa.org/places/83424586,Ivor / Xion (river),osm-location-of-oued-ksob-river
84771631,https://pleiades.stoa.org/places/84771631,Titus Tunnel,location-of-titus-tunnel
87367170,https://pleiades.stoa.org/places/87367170,Cybele sanctuary,location-of-cybele-sanctuary
89384567,https://pleiades.stoa.org/places/89384567,Gallo-Roman theater at Alba Helviorum,osm-location-of-theater
93604430,https://pleiades.stoa.org/places/93604430,Adro Vello,osm-location-of-area-arqueologica-de-adro-vello
93820013,https://pleiades.stoa.org/places/93820013,Roman amphitheater at Santa Maria Capua Vetere,osm-location-of-roman-amphitheater
98979035,https://pleiades.stoa.org/places/98979035,So-called 'Tomb of Cicero' at Formiae,location-of-so-called-tomb-of-cicero
102500045,https://pleiades.stoa.org/places/102500045,Fonte Coberta,osm-location
102500046,https://pleiades.stoa.org/places/102500046,Monte Novo do Castelinho,osm-location-of-monte-novo-do-castelinho
103500678,https://pleiades.stoa.org/places/103500678,Scratchbury Camp ,location-of-scratchbury-camp-hill-fort
104590908,https://pleiades.stoa.org/places/104590908,Rollright Stones,osm-location-of-the-kings-men
109466300,https://pleiades.stoa.org/places/109466300,Monemvasia,location-of-monemvasia
109516473,https://pleiades.stoa.org/places/109516473,Castle Greg,osm-location
113170101,https://pleiades.stoa.org/places/113170101,Oram's Arbour,osm-location-of-orams-arbour
117737330,https://pleiades.stoa.org/places/117737330,Osteria del Gladiatore,osteria-del-gladiatore
121192688,https://pleiades.stoa.org/places/121192688,Bozkurt,osm-way-95915635
121620025,https://pleiades.stoa.org/places/121620025,Kirkhill Roman signal station,osm-location
123268647,https://pleiades.stoa.org/places/123268647,Tour de Biran,osm-location
126090984,https://pleiades.stoa.org/places/126090984,Auld Bourtreebush,osm-location
126134430,https://pleiades.stoa.org/places/126134430,Tofet,osm-location-of-tofet
126644698,https://pleiades.stoa.org/places/126644698,Shore Temple of Mahabalipuram,location-of-shore-temple
127132166,https://pleiades.stoa.org/places/127132166,Bullsdown Camp,location-of-bullsdown-camp-hill-fort
127902827,https://pleiades.stoa.org/places/127902827,Arc de Diane,location-of-arc-de-diane
128046684,https://pleiades.stoa.org/places/128046684,Fazouro,osm-location
128652153,https://pleiades.stoa.org/places/128652153,Circus at Calagurris,osm-location-of-circus
131267073,https://pleiades.stoa.org/places/131267073,Mausoleum of Lucius Pomponius Grecinus,location-of-mausoleum-of-pomponius-grecinus
132543925,https://pleiades.stoa.org/places/132543925,Roman theater at Italica,location-of-roman-theater
133229241,https://pleiades.stoa.org/places/133229241,Roman amphitheater at Lepcis Magna,location-of-roman-amphitheater
135962387,https://pleiades.stoa.org/places/135962387,Basilica Manastirine,location-of-manastirine-basilica
136181284,https://pleiades.stoa.org/places/136181284,Quartucciu,osm-location-of-quartucciu-necropoli-punico-romana
136699833,https://pleiades.stoa.org/places/136699833,Faroe Islands,location-of-streymoy|location-of-vagar
140509391,https://pleiades.stoa.org/places/140509391,Roman villa,location-of-roman-villa
141033380,https://pleiades.stoa.org/places/141033380,Great City Baths at Salona,location-of-roman-baths
141708579,https://pleiades.stoa.org/places/141708579,Paturro Roman villa,osm-location
143028853,https://pleiades.stoa.org/places/143028853,Incastro River,osm-location
146849991,https://pleiades.stoa.org/places/146849991,Temple of Trajan at Pergamon,trajan-tempel
147468860,https://pleiades.stoa.org/places/147468860,Ponte Acque Alte,location-of-roman-bridge
150531239,https://pleiades.stoa.org/places/150531239,Cyaneae Theater,osm-location-of-theater
153271174,https://pleiades.stoa.org/places/153271174,Roman amphitheater at *Moridunum,location-of-roman-amphitheater
158203459,https://pleiades.stoa.org/places/158203459,Roman theater at Carthage,location-of-roman-theater
165453294,https://pleiades.stoa.org/places/165453294,Basilica of Septimius Severus,location-of-basilica-of-severus
165979068,https://pleiades.stoa.org/places/165979068,Arènes de Fréjus,osm-location-of-roman-amphitheater
166695364,https://pleiades.stoa.org/places/166695364,Tomba dell'Arciere,location-of-tumulus
168048854,https://pleiades.stoa.org/places/168048854,Roman villa at Can Terrés,osm-location
168208661,https://pleiades.stoa.org/places/168208661,Termas romanas de las Bóvedas,osm-location
169016720,https://pleiades.stoa.org/places/169016720,"Street of Facades, Petra",location-of-street-of-facades
169940092,https://pleiades.stoa.org/places/169940092,Masseria De Carolis,location-of-archaeological-area
173312608,https://pleiades.stoa.org/places/173312608,Puig de Sa Morisca,osm-location
175420887,https://pleiades.stoa.org/places/175420887,Prato Rosello necropolis,location-of-necropolis
175451017,https://pleiades.stoa.org/places/175451017,Castro de São Lourenço,osm-location
177797261,https://pleiades.stoa.org/places/177797261,Finca del Secretario,osm-location
178686122,https://pleiades.stoa.org/places/178686122,Theater at Sybaris/Thurii/Copia,location-of-theater
178764324,https://pleiades.stoa.org/places/178764324,Monte Gentili,location-of-roman-villa
178890585,https://pleiades.stoa.org/places/178890585,Ring of Brodgar,location-of-ring-of-brodgar
182370603,https://pleiades.stoa.org/places/182370603,Unnamed Aqueduct at Sexi/Saxetanum,location-of-aqueduct
184642281,https://pleiades.stoa.org/places/184642281,Theater at Pausilipum,osm-location-of-theater
187989738,https://pleiades.stoa.org/places/187989738,Mount Caburn hill fort,osm-location-of-mount-caburn-hill-fort
195429894,https://pleiades.stoa.org/places/195429894,Unnamed Roman bridge,osm-location
196169550,https://pleiades.stoa.org/places/196169550,Unnamed Roman bridge,osm-location
197001409,https://pleiades.stoa.org/places/197001409,Bougon,location-of-tumulus-a|location-of-tumulus-c|location-of-tumulus-f|location-of-tumulus-e|location-of-tumulus-b
200179583,https://pleiades.stoa.org/places/200179583,Quarries at Aquae Albulae,location-of-quarries-at-aquae-albulae|location-of-quarries-at-aquae-albulae-2
203544459,https://pleiades.stoa.org/places/203544459,Standing Stones of Stenness,location-of-standing-stones-of-stenness
206418675,https://pleiades.stoa.org/places/206418675,Cairn de Barnénez,location-of-cairn-de-barnenez
208942144,https://pleiades.stoa.org/places/208942144,"Unnamed group of bridges over R. Zadorra, north of Bele(g)ia",location-of-roman-bridge
208942848,https://pleiades.stoa.org/places/208942848,Ponte Fonnaia,location-of-roman-bridge
208962503,https://pleiades.stoa.org/places/208962503,Skopje aqueduct,location-of-aqueduct
209814686,https://pleiades.stoa.org/places/209814686,Forum of Carsulae,osm-location-of-forum
215721934,https://pleiades.stoa.org/places/215721934,Savignano sul Rubicone Roman bridge,osm-location-of-roman-bridge
217728890,https://pleiades.stoa.org/places/217728890,So-called Early Christian Basilica,basilica-paleocristiana
224098652,https://pleiades.stoa.org/places/224098652,Kaims Castle,location-of-kaims-castle
225945564,https://pleiades.stoa.org/places/225945564,Nuraghe Gibe Truttiri,osm-location
229363104,https://pleiades.stoa.org/places/229363104,Odéon at Carthage,location-of-odeion
232755444,https://pleiades.stoa.org/places/232755444,"Maiden Castle, Dorset",osm-location
234760228,https://pleiades.stoa.org/places/234760228,Can Blai,osm-location
235928441,https://pleiades.stoa.org/places/235928441,Castello di Agropoli,osm-location-of-castello-di-agropoli
236153258,https://pleiades.stoa.org/places/236153258,Domvs Romana,location-of-roman-villa
236184211,https://pleiades.stoa.org/places/236184211,Tumulus of Vissoul,location-of-tumulus-of-vissoul
236701133,https://pleiades.stoa.org/places/236701133,Fonte dell'Acqua Paola,location-of-fonte-dellacqua-paola
237645058,https://pleiades.stoa.org/places/237645058,Dún Ailinne,osm-location
237657886,https://pleiades.stoa.org/places/237657886,Nuraghe Sa Ucchiusura,osm-location
237657887,https://pleiades.stoa.org/places/237657887,Nuraghe Maronzu,osm-location
237657888,https://pleiades.stoa.org/places/237657888,Nuraghe Colombos,osm-location
240096674,https://pleiades.stoa.org/places/240096674,Archaeological area of Macchia Grande,location-of-archaeological-area-of-macchia-grande
241569286,https://pleiades.stoa.org/places/241569286,Meyrargues aqueduct,location-of-roman-aqueduct
242742173,https://pleiades.stoa.org/places/242742173,Ménec alignments,location-of-menec-alignments
243340660,https://pleiades.stoa.org/places/243340660,Li Muri necropolis,location-of-li-muri-tombs
245109546,https://pleiades.stoa.org/places/245109546,Beacon Hill Hill fort,location-of-beacon-hill-hill-fort
251365402,https://pleiades.stoa.org/places/251365402,Bat's Castle,location-of-bats-castle-hill-fort
251814622,https://pleiades.stoa.org/places/251814622,Knowlton Church and Earth Works,osm-location-of-church-henge
252614721,https://pleiades.stoa.org/places/252614721,Pyramid K.1 at El-Kurru,location-of-pyramid-ku-1
253933600,https://pleiades.stoa.org/places/253933600,Ringwall Rentmauer (Weilrod),osm-location
260256453,https://pleiades.stoa.org/places/260256453,Pennymuir,location-of-roman-camp
263978015,https://pleiades.stoa.org/places/263978015,Basilica Damous el-Karita,location-of-basilica-damous-el-karita
265498964,https://pleiades.stoa.org/places/265498964,Theater of Miletus,osm-location-of-theater-of-miletus
266705016,https://pleiades.stoa.org/places/266705016,Wheathampstead,osm-location-of-devils-dyke
267388586,https://pleiades.stoa.org/places/267388586,Trendle Ring,osm-location
269260723,https://pleiades.stoa.org/places/269260723,Augusteum at Carthago Nova/Col. Urbs Iulia,location-of-augusteum
271347289,https://pleiades.stoa.org/places/271347289,Roman amphitheater at Trebula Mutuesca,location-of-roman-amphitheater
272290638,https://pleiades.stoa.org/places/272290638,Scarborough Castle,osm-location-of-scarborough-castle
272861914,https://pleiades.stoa.org/places/272861914,Borg Roman villa,osm-location
272861915,https://pleiades.stoa.org/places/272861915,Auf Schiffels,osm-location
275500868,https://pleiades.stoa.org/places/275500868,Ponte romano di Santa Giusta,osm-location
276663667,https://pleiades.stoa.org/places/276663667,Hengistbury Head,osm-location
277432401,https://pleiades.stoa.org/places/277432401,Tomba della Mula,location-of-tomba-della-mula
277432403,https://pleiades.stoa.org/places/277432403,Tomba della Montagnola,location-of-tomba-della-montagnola
277534787,https://pleiades.stoa.org/places/277534787,Tumulus aux Six Frères,location-of-tumulus-aux-six-freres
277867435,https://pleiades.stoa.org/places/277867435,Couto de Ouro,osm-location
282928580,https://pleiades.stoa.org/places/282928580,Grotta di Cocceio,osm-location-of-grotta-di-cocceio
284782743,https://pleiades.stoa.org/places/284782743,Arco del Sacramento,location-of-arco-del-sacramento
284997408,https://pleiades.stoa.org/places/284997408,Vigna Parrocchiale archaeological area,location-of-vigna-parrocchiale-archaeological-area
285873044,https://pleiades.stoa.org/places/285873044,Unnamed bridge near Concordia Sagittaria,location-of-roman-bridge
287013149,https://pleiades.stoa.org/places/287013149,Castle an Dinas,location-of-castle-an-dinas
288865197,https://pleiades.stoa.org/places/288865197,Trou de Billemont Tumulus,location-of-trou-de-billemont-tumulus
289254456,https://pleiades.stoa.org/places/289254456,Espelt Roman villa,location-of-roman-villa
289697635,https://pleiades.stoa.org/places/289697635,Etruscan necropolis of Malignano,osm-location-of-necropoli-etrusca-di-malignano
290042871,https://pleiades.stoa.org/places/290042871,Upper Agora,osm-location-of-upper-agora
293747172,https://pleiades.stoa.org/places/293747172,Tagliata Etrusca,location-of-tagliata-etrusca
294009591,https://pleiades.stoa.org/places/294009591,Acquedotto Anio Novus Ponte S. Antonio,ponte-san-antonio
294262131,https://pleiades.stoa.org/places/294262131,Pian della Conserva,location-of-necropolis-zone-b|location-of-necropolis-zone-a
297797968,https://pleiades.stoa.org/places/297797968,Bibey Roman bridge,osm-location-of-ponte-romana-de-bibei
298351810,https://pleiades.stoa.org/places/298351810,Skellig Michael,osm-location
298394660,https://pleiades.stoa.org/places/298394660,Castro de San Cibrao de Las,location-of-castro-de-san-cibrao-de-las
298394661,https://pleiades.stoa.org/places/298394661,Alcimoennis,location-of-oppidum-earthwork
303708957,https://pleiades.stoa.org/places/303708957,Grange stone circle,location-of-stone-circle|location-of-stone-circle-2
303999555,https://pleiades.stoa.org/places/303999555,Torre del Giudizio,location-of-torre-del-giudizio
304296863,https://pleiades.stoa.org/places/304296863,So-called Area X in Berenike,area-x-in-sidi-khiribesh
305879597,https://pleiades.stoa.org/places/305879597,Rabati Malik,osm-location
306618381,https://pleiades.stoa.org/places/306618381,Temple of Augustus et Livia,location-of-temple-of-augustus-et-livia
309176138,https://pleiades.stoa.org/places/309176138,Skarkos Hill,osm-location-of-pre-historic-settlement-of-skarkos
309231036,https://pleiades.stoa.org/places/309231036,Durisdeer,osm-location
309791778,https://pleiades.stoa.org/places/309791778,Lyne,location-of-roman-fort
311940007,https://pleiades.stoa.org/places/311940007,Ponte delle Torri,location-of-ponte-delle-torri
314547139,https://pleiades.stoa.org/places/314547139,Santuario di Santa Maria di Barbana,location-of-sanctuary
316390354,https://pleiades.stoa.org/places/316390354,Alignements du Manio,location-of-megalithic-alignment
318349403,https://pleiades.stoa.org/places/318349403,Twee Tommen,location-of-twee-tommen
318445896,https://pleiades.stoa.org/places/318445896,Walls of Timoleon,osm-location-of-mura-timoleontee
320384863,https://pleiades.stoa.org/places/320384863,Kerlescan alignments,osm-location-of-kerlescan
322576916,https://pleiades.stoa.org/places/322576916,Archaeological area of Piano della Comunità,archaeological-area-of-piano-della-comunita
322906034,https://pleiades.stoa.org/places/322906034,Midhowe,location-of-midhowe-broch
322920273,https://pleiades.stoa.org/places/322920273,Villa di Formello,location-of-roman-villa
324369908,https://pleiades.stoa.org/places/324369908,Lake Stymphalia,location-of-lake-stymphalia
328440873,https://pleiades.stoa.org/places/328440873,Monkodonja,location-of-skip-to-content-skip-to-navigation
329320003,https://pleiades.stoa.org/places/329320003,Unnamed bridge,location-of-roman-bridge
330899494,https://pleiades.stoa.org/places/330899494,Sendim Roman villa,osm-location-of-villa-romana-de-sendim
333036426,https://pleiades.stoa.org/places/333036426,Stadium of Delphi,osm-location
334062047,https://pleiades.stoa.org/places/334062047,Industrial area at Sexi/Saxetanum,location-of-industrial-area
336410435,https://pleiades.stoa.org/places/336410435,Semien Mountains,semien-mountains
336528878,https://pleiades.stoa.org/places/336528878,Pietrera tomb,location-of-tomb-of-diavolino-ii
338820566,https://pleiades.stoa.org/places/338820566,Forum baths,terme-del-foro
339756240,https://pleiades.stoa.org/places/339756240,Roman theater of Saguntum,roman-theater
342573283,https://pleiades.stoa.org/places/342573283,Harilaq,osm-location
344755334,https://pleiades.stoa.org/places/344755334,Tomb of Virgil,location-of-the-tomb
345938113,https://pleiades.stoa.org/places/345938113,Tumulus of Noirmont,location-of-tumulus-of-noirmont
346876399,https://pleiades.stoa.org/places/346876399,Haselburg,osm-location
347679708,https://pleiades.stoa.org/places/347679708,Nuraghe Cuccurada,osm-location
354354474,https://pleiades.stoa.org/places/354354474,Figsbury Ring,location-of-figsbury-ring-hill-fort|location-of-figsbury-ring-hill-fort-inner-ring
356937166,https://pleiades.stoa.org/places/356937166,Cisterna delle 36 colonne,location-of-cistern
357303540,https://pleiades.stoa.org/places/357303540,'Ain Ghazal,osm-location-of-ain-ghazal
357674130,https://pleiades.stoa.org/places/357674130,Hexagonal mausoleum,osm-location
358782736,https://pleiades.stoa.org/places/358782736,Forum of Septimius Severus,osm-location-forum-of-septimius-severus
360881593,https://pleiades.stoa.org/places/360881593,Quinta da Bolacha,osm-location
362278690,https://pleiades.stoa.org/places/362278690,Loughbrickland Crannóg,location-of-loughbrickland-crannog
363525448,https://pleiades.stoa.org/places/363525448,Fórnea Roman villa,location-of-roman-villa
366223963,https://pleiades.stoa.org/places/366223963,Roman amphitheater at Augusta Raurica,location-of-roman-amphitheater
369592150,https://pleiades.stoa.org/places/369592150,Sudelfels,osm-location
369904078,https://pleiades.stoa.org/places/369904078,Plattetombe of Waasmont ,location-of-plattetombe-of-waasmont
371443773,https://pleiades.stoa.org/places/371443773,Malvaccaro Roman villa,location-of-roman-villa
372350839,https://pleiades.stoa.org/places/372350839,Nuraghe Rumanedda,osm-location-of-nuraghe-rumanedda
373365337,https://pleiades.stoa.org/places/373365337,Vivios,location-of-roman-villa
378979377,https://pleiades.stoa.org/places/378979377,Cistern,osm-location-of-cistern
379233464,https://pleiades.stoa.org/places/379233464,Castle Dore,location-of-castle-dore
383321670,https://pleiades.stoa.org/places/383321670,Roman temple of Vic,location-of-roman-temple
385106254,https://pleiades.stoa.org/places/385106254,Ackling Dyke,osm-location
387177192,https://pleiades.stoa.org/places/387177192,Cinco Puentes,osm-location
388037672,https://pleiades.stoa.org/places/388037672,So-called Area A in Berenike,area-a-in-sidi-kiribech
391553443,https://pleiades.stoa.org/places/391553443,Temple of Augustus,temple-of-augustus
391966943,https://pleiades.stoa.org/places/391966943,Villa of Manius Antoninus,villa-of-manius-antoninus
392649590,https://pleiades.stoa.org/places/392649590,Hochdorf Chieftain's Grave,osm-location-of-hochdorf-chieftains-grave
394362505,https://pleiades.stoa.org/places/394362505,Roman baths at Fiesole,osm-location-of-roman-baths
399967974,https://pleiades.stoa.org/places/399967974,Monte Bernorio,osm-location
404080747,https://pleiades.stoa.org/places/404080747,Roman villa at Santo André de Almoçageme,location-of-roman-villa
405244946,https://pleiades.stoa.org/places/405244946,Thracian Tomb of Kazanlak,location-of-thracian-tomb-of-kazanlak
406510719,https://pleiades.stoa.org/places/406510719,Tropaeum Traiani (monument),location-of-tropaeum-traiani
409654967,https://pleiades.stoa.org/places/409654967,Melone del Sodo,melone-del-sodo-ii|melone-del-sodo-i
410440793,https://pleiades.stoa.org/places/410440793,Domus Aurea,osm-location-esquiline-wing-of-the-domus-aurea
410517750,https://pleiades.stoa.org/places/410517750,Garden of the Fugitives,orto-dei-fuggiaschi
411767088,https://pleiades.stoa.org/places/411767088,Ponte Gobbo,osm-location
414303980,https://pleiades.stoa.org/places/414303980,Chew Green,osm-location
415397391,https://pleiades.stoa.org/places/415397391,Ponte d'Arli,location-of-roman-bridge
416019001,https://pleiades.stoa.org/places/416019001,Parreitas Roman villa,osm-location
416269079,https://pleiades.stoa.org/places/416269079,White Castle hillfort,location-of-white-castle-hill-fort
418356677,https://pleiades.stoa.org/places/418356677,Horti Lucull(i)ani,osm-location
419293087,https://pleiades.stoa.org/places/419293087,Rainsborough Camp,osm-location
423006578,https://pleiades.stoa.org/places/423006578,Roman baths at Trier,location-of-roman-baths
423894082,https://pleiades.stoa.org/places/423894082,Dragonera,osm-location-of-rimska-vila-dragonera|osm-location-of-roman-villa
426375172,https://pleiades.stoa.org/places/426375172,Roman siege camp,location-of-roman-siege-camp
427981474,https://pleiades.stoa.org/places/427981474,Roman theater at Augusta Bagiennorum,location-of-roman-theater
428016814,https://pleiades.stoa.org/places/428016814,Roman baths at Sexi/Saxetanum,location-of-roman-baths
428715901,https://pleiades.stoa.org/places/428715901,Castro de Troña,osm-location
428715902,https://pleiades.stoa.org/places/428715902,Castro de Borneiro,osm-location
430841433,https://pleiades.stoa.org/places/430841433,Nuraghe Zuras,osm-location
431558511,https://pleiades.stoa.org/places/431558511,Villa of Horace,location-of-villa-of-horace
432394421,https://pleiades.stoa.org/places/432394421,"Porte de France, Nemausus",location-of-porte-de-france
433411640,https://pleiades.stoa.org/places/433411640,Unnamed bridge,location-of-roman-bridge
434674445,https://pleiades.stoa.org/places/434674445,Ulrichsberg,osm-location
438390658,https://pleiades.stoa.org/places/438390658,Roman forum at Tergeste,location-of-roman-forum
439057572,https://pleiades.stoa.org/places/439057572,Stadium at Aizanoi,osm-location-of-stadium
439339512,https://pleiades.stoa.org/places/439339512,Pont Romà,osm-location
441559176,https://pleiades.stoa.org/places/441559176,Scoglietto,location-of-sanctuary
442302645,https://pleiades.stoa.org/places/442302645,"Roman villa, via Michelangelo Tilli",location-of-roman-villa
442563575,https://pleiades.stoa.org/places/442563575,Roman amphitheater at Arretium,location-of-roman-amphitheater
442858431,https://pleiades.stoa.org/places/442858431,Temple of Zeus,location-of-temple-of-zeus
446852118,https://pleiades.stoa.org/places/446852118,Roman aqueduct near Limonum,osm-location-of-aqueduct
447888851,https://pleiades.stoa.org/places/447888851,Unstan Chambered Cairn,location-of-unstan-chambered-cairn
452983868,https://pleiades.stoa.org/places/452983868,Ponte de Rubiaes,osm-location
453887876,https://pleiades.stoa.org/places/453887876,Nuraghe Murtas,osm-location
455441008,https://pleiades.stoa.org/places/455441008,Roman theater at Ferentium,osm-location-of-roman-theater
457455245,https://pleiades.stoa.org/places/457455245,Trenčin castle,location-of-trencin-castle
458593871,https://pleiades.stoa.org/places/458593871,Forum granary,granai-del-foro
459592429,https://pleiades.stoa.org/places/459592429,Wansdyke (earthwork),location-of-wansdyke-earthwork
460094535,https://pleiades.stoa.org/places/460094535,"Villanovaforru, Nuraghe Genna Maria",osm-location
467042569,https://pleiades.stoa.org/places/467042569,Su Fraigu,osm-location
470606136,https://pleiades.stoa.org/places/470606136,Dermech basilica,location-of-dermech-basilica
471134383,https://pleiades.stoa.org/places/471134383,Roman amphitheater at Iol Caesarea,location-of-roman-amphitheater
471781651,https://pleiades.stoa.org/places/471781651,Dispilio,location-of-neolithic-dispilio
475264756,https://pleiades.stoa.org/places/475264756,Abbeyknockmoy abbey,osm-location
476697166,https://pleiades.stoa.org/places/476697166,Forum of Conimbriga,osm-location-of-forum
477172416,https://pleiades.stoa.org/places/477172416,La Loggia,location-of-square-tower
479831455,https://pleiades.stoa.org/places/479831455,Tre'r Ceiri hillfort,location-of-trer-ceiri-hill-fort
481346137,https://pleiades.stoa.org/places/481346137,Roman Odeon of Gortyn,location-of-odeion
482947335,https://pleiades.stoa.org/places/482947335,Puig des Molins necropolis,osm-location
483627781,https://pleiades.stoa.org/places/483627781,Bagni di Nerone,location-of-bagni-di-nerone
484576343,https://pleiades.stoa.org/places/484576343,Jewry Wall,osm-location-of-jewry-wall
485222842,https://pleiades.stoa.org/places/485222842,Roman amphitheater at Emporiae,location-of-roman-amphitheater
486975583,https://pleiades.stoa.org/places/486975583,Fossa Traiana,osm-location
487048968,https://pleiades.stoa.org/places/487048968,Torre de Urkulu,osm-location
488345053,https://pleiades.stoa.org/places/488345053,Roman theater at Fiesole,location-of-roman-theater
490324372,https://pleiades.stoa.org/places/490324372,Alcalar megaliths,location-of-alcalar-megaliths
492111677,https://pleiades.stoa.org/places/492111677,Cherré,location-of-cherre-archaeological-site|location-of-gallo-roman-theater
492787885,https://pleiades.stoa.org/places/492787885,Nuraghe Cuccuru Ibba,osm-location-of-nuraghe-cuccuru-ibba
493909773,https://pleiades.stoa.org/places/493909773,Roman amphitheater at Interamnia Praetuttiorum,location-of-roman-amphitheater
497388377,https://pleiades.stoa.org/places/497388377,Roman amphitheater at Vercellae,osm-location-of-roman-amphitheater
497584594,https://pleiades.stoa.org/places/497584594,Corviano,location-of-corviano
500136301,https://pleiades.stoa.org/places/500136301,Rochemaure milestone,osm-location
505229478,https://pleiades.stoa.org/places/505229478,Roman theater at Carthago Nova/Col. Urbs Iulia,location-of-roman-theater
506010320,https://pleiades.stoa.org/places/506010320,Unfinished obelisk,location-of-unfinished-obelisk
511545009,https://pleiades.stoa.org/places/511545009,Garden of Cybele,location-of-garden-of-cybele
511968274,https://pleiades.stoa.org/places/511968274,Badbury Rings,location-of-badbury-rings
514380156,https://pleiades.stoa.org/places/514380156,Sanctuary of Montélu,location-of-temple
515107188,https://pleiades.stoa.org/places/515107188,Humayma Roman Fort,location-of-auara
518860820,https://pleiades.stoa.org/places/518860820,Castro de Pendia,osm-location
520255117,https://pleiades.stoa.org/places/520255117,Porta Ostiensis,osm-location
520736511,https://pleiades.stoa.org/places/520736511,Roman baths at Fundi,osm-location-of-roman-baths
522532105,https://pleiades.stoa.org/places/522532105,Castro de Santo Ovidio,osm-location-of-castro-de-santo-ovidio
523235272,https://pleiades.stoa.org/places/523235272,Mageroy Gallo-Roman villa,osm-location
523363491,https://pleiades.stoa.org/places/523363491,Roman mausoleum at Bou Arada,osm-location-of-mausolee-de-caius-iulius-augustus
524074853,https://pleiades.stoa.org/places/524074853,Steinerner Steg - Ponte Romano,location-of-river-bridge
524360868,https://pleiades.stoa.org/places/524360868,Sarmizegetusa Roman amphitheater,location-of-roman-amphitheater
528335956,https://pleiades.stoa.org/places/528335956,Theater of Melos,osm-location-of-theater
530611410,https://pleiades.stoa.org/places/530611410,Radicofani,location-of-rocca-di-radicofani
530611411,https://pleiades.stoa.org/places/530611411,Torre di Donoratico,location-of-torre-di-donoratico
531279448,https://pleiades.stoa.org/places/531279448,Royal Tombs of Vergina,location-of-royal-tombs-of-vergina
532772123,https://pleiades.stoa.org/places/532772123,Ponte Corvo,osm-location
533171569,https://pleiades.stoa.org/places/533171569,Roman amphitheater at Libarna,location-of-roman-amphitheater
535189143,https://pleiades.stoa.org/places/535189143,Tap o' Noth hill fort,location-of-tap-o-noth-hill-fort
535275912,https://pleiades.stoa.org/places/535275912,Flag Fen,location-of-flag-fen
535275913,https://pleiades.stoa.org/places/535275913,Cheddar Gorge,location-of-cheddar-gorge
536959418,https://pleiades.stoa.org/places/536959418,Castle Acre Priory,osm-location
538561167,https://pleiades.stoa.org/places/538561167,Barbarathermen at Trier,location-of-barbarathermen
540510822,https://pleiades.stoa.org/places/540510822,Pigades,location-of-pigades
540718543,https://pleiades.stoa.org/places/540718543,Valcamonica,osm-location-of-parco-comunale-delle-incisioni
544641873,https://pleiades.stoa.org/places/544641873,Villa della Colonne,location-of-roman-villa
544711870,https://pleiades.stoa.org/places/544711870,Stoa at Lokroi Epizephyrioi,stoa
545419657,https://pleiades.stoa.org/places/545419657,La Pared de los Moros,location-of-roman-dam
548806092,https://pleiades.stoa.org/places/548806092,The Ridgeway,location-of-the-ridgeway
549181140,https://pleiades.stoa.org/places/549181140,Villa Sora,location-of-roman-villa
549572847,https://pleiades.stoa.org/places/549572847,Wesseling Roman Villa,osm-location
554161962,https://pleiades.stoa.org/places/554161962,Porta Venere,location-of-porta-venere
556544470,https://pleiades.stoa.org/places/556544470,Ani citadel,location-of-ani-citadel
557240924,https://pleiades.stoa.org/places/557240924,Nuraghe S'Ortali 'e su Monti,location-of-nuraghe-sortali-e-su-monti
557684934,https://pleiades.stoa.org/places/557684934,House of the Botanical Garden,orto-botanico
559027219,https://pleiades.stoa.org/places/559027219,"Unnamed dam near Jumilla, Spain",location-of-dam
560130184,https://pleiades.stoa.org/places/560130184,Roman villa,location-of-roman-villa
562474733,https://pleiades.stoa.org/places/562474733,Solsbury Hill,location-of-solsbury-hill-hill-fort
562679828,https://pleiades.stoa.org/places/562679828,Ara del Tufo necropolis,location-of-ara-del-tufo-necropolis
565617320,https://pleiades.stoa.org/places/565617320,Castro de Coaña,location-of-castro-de-coana
565915542,https://pleiades.stoa.org/places/565915542,Arkaim,location-of-arkaim
570444075,https://pleiades.stoa.org/places/570444075,Roman amphitheater at Aeclanum,osm-location-of-roman-amphitheater
571917892,https://pleiades.stoa.org/places/571917892,Roman amphitheater at Grumentum,location-of-roman-amphitheater
572631626,https://pleiades.stoa.org/places/572631626,Minorca (island),location-of-minorca
574404728,https://pleiades.stoa.org/places/574404728,Serra Orrios,osm-location-of-megaron
577784362,https://pleiades.stoa.org/places/577784362,Roman theater of Acinipo,osm-location-of-roman-theater
579745678,https://pleiades.stoa.org/places/579745678,Knook Castle hill fort,location-of-knook-castle-hill-fort
581136584,https://pleiades.stoa.org/places/581136584,Veranes,location-of-roman-villa
581374445,https://pleiades.stoa.org/places/581374445,Theater at Leuke,osm-location-of-theater
584305092,https://pleiades.stoa.org/places/584305092,Temple of the Severan family,location-of-temple-of-the-severan-family
584523669,https://pleiades.stoa.org/places/584523669,Tomba di Boschetti,location-of-tumulus
584523670,https://pleiades.stoa.org/places/584523670,Montefortini,location-of-tumulus
584868518,https://pleiades.stoa.org/places/584868518,"Villa del Vergigno, Montelupo Fiorentino",location-of-roman-villa
584868520,https://pleiades.stoa.org/places/584868520,Poggino necropolis,location-of-necropolis
586811197,https://pleiades.stoa.org/places/586811197,Mousa,location-of-mousa
587781815,https://pleiades.stoa.org/places/587781815,Ponte di Annibale,location-of-roman-bridge
588233703,https://pleiades.stoa.org/places/588233703,Balsignano,osm-location-of-castello-di-balsignano|osm-location-of-church-of-san-felice
591471665,https://pleiades.stoa.org/places/591471665,Luxeuil Abbey,osm-location-of-luxeuil-abbey
593911178,https://pleiades.stoa.org/places/593911178,Roman amphitheater at Trebula,osm-location-of-roman-amphitheater
594406649,https://pleiades.stoa.org/places/594406649,S'Arcu 'e is Forros,osm-location
596205488,https://pleiades.stoa.org/places/596205488,Roman bridge over Rio S'Adde,osm-location-of-roman-bridge
596541756,https://pleiades.stoa.org/places/596541756,Souda (island),souda
598530510,https://pleiades.stoa.org/places/598530510,Tombe de l'Empereur,location-of-tombe-de-lempereur
600065939,https://pleiades.stoa.org/places/600065939,Lake Farm Roman fort,osm-location-of-lake-farm
606075817,https://pleiades.stoa.org/places/606075817,San Pedro del Arroyo,location-of-roman-villa
606859979,https://pleiades.stoa.org/places/606859979,Vigna Pia necropolis,osm-location-of-necropoli-di-vigna-pia
607327124,https://pleiades.stoa.org/places/607327124,Castro of Zambujal,location-of-castro-do-zambujal
607714945,https://pleiades.stoa.org/places/607714945,Piercebridge Roman Bridge,osm-location-for-piercebridge-roman-bridge
607885597,https://pleiades.stoa.org/places/607885597,Archaeological area of Villa di Campetti,location-of-archaeological-area-of-villa-campetti
609844633,https://pleiades.stoa.org/places/609844633,"Ecclesiastical complex, Port of Sanitja",osm-location
613215678,https://pleiades.stoa.org/places/613215678,Nuraghe Conca Niedda,osm-location-of-nuraghe-conca-niedda
615138225,https://pleiades.stoa.org/places/615138225,Porta Marina ,porta-marina
615923349,https://pleiades.stoa.org/places/615923349,City wall of Cosa,location-of-city-wall
623510547,https://pleiades.stoa.org/places/623510547,Ribadiso Roman bridge,osm-location
623547528,https://pleiades.stoa.org/places/623547528,Sant Amanç de Viladés,location-of-roman-villa
627299752,https://pleiades.stoa.org/places/627299752,Nuraghe Perdu Cossu,osm-location
630573187,https://pleiades.stoa.org/places/630573187,Roman amphitheater at Marruvium,location-of-roman-amphitheater
630799745,https://pleiades.stoa.org/places/630799745,London Wall,location-of-london-wall
631410030,https://pleiades.stoa.org/places/631410030,Saint-Guilhem-le-Désert,osm-location
631805559,https://pleiades.stoa.org/places/631805559,Parco archeologico Griso-Laboccetta,location-of-parco-archeologico-griso-laboccetta
632227173,https://pleiades.stoa.org/places/632227173,Majorca (island),location-of-majorca
634585138,https://pleiades.stoa.org/places/634585138,Roman amphitheater of Carthage,location-of-roman-amphitheater
634585139,https://pleiades.stoa.org/places/634585139,Tophet of Carthage,location-of-tophet
635557876,https://pleiades.stoa.org/places/635557876,Tumulus of Avennes,location-of-tumulus-of-avennes
635557877,https://pleiades.stoa.org/places/635557877,Tumulus of Avernas,location-of-tumulus-of-avernas
636775194,https://pleiades.stoa.org/places/636775194,Haut Bécherel,location-of-haut-becherel-sanctuary
642557317,https://pleiades.stoa.org/places/642557317,Kadmat Island,location-of-kadmat-island
642983159,https://pleiades.stoa.org/places/642983159,Carranque,location-of-roman-villa|location-of-villa-of-maternus|location-of-mausoleum|location-of-basilica
645281269,https://pleiades.stoa.org/places/645281269,"Nuraghe Mannu, Olmedo",osm-location
646455441,https://pleiades.stoa.org/places/646455441,Crofton Roman villa,location-of-roman-villa
648193528,https://pleiades.stoa.org/places/648193528,Eggardon hill fort,location-of-eggardon-hill-fort
648980580,https://pleiades.stoa.org/places/648980580,Abusir Pharos tomb,location-of-abusir-pharos-tomb
649857186,https://pleiades.stoa.org/places/649857186,Roman Forum at Syracuse,osm-location-of-the-roman-forum-at-syracuse
649857187,https://pleiades.stoa.org/places/649857187,So-called Roman Gymnasium at Syracuse,osm-location-of-the-so-called-roman-gymnasium-at
652509965,https://pleiades.stoa.org/places/652509965,Roman baths at Hydata Hypsitana/Forum Traiani,osm-location-of-roman-baths
653538433,https://pleiades.stoa.org/places/653538433,Ganglegg,osm-location
655630899,https://pleiades.stoa.org/places/655630899,Abd al Kuri (island),location-of-abd-al-kuri
655808604,https://pleiades.stoa.org/places/655808604,S'Illot,osm-location
657287138,https://pleiades.stoa.org/places/657287138,Santa Venera al Pozzo,area-archeologica-di-santa-venera-al-pozzo
658246004,https://pleiades.stoa.org/places/658246004,Roman Theater of Minturnae,location-of-roman-theater
658295679,https://pleiades.stoa.org/places/658295679,House of Octavius Quartio,giardino-di-octavius-quartio|casa-di-octavius-quartio
668784750,https://pleiades.stoa.org/places/668784750,Ponte Leproso,location-of-roman-bridge
671053357,https://pleiades.stoa.org/places/671053357,Beltany,location-of-beltany-stone-circle
672180338,https://pleiades.stoa.org/places/672180338,Roman theater at Falerio Picenus,osm-location-of-roman-theater
677240335,https://pleiades.stoa.org/places/677240335,Roman theater at Iol Caesarea,location-of-roman-theater
678468433,https://pleiades.stoa.org/places/678468433,Kastos (island),kastos
682305779,https://pleiades.stoa.org/places/682305779,Nuraghe Unia,osm-location
682990830,https://pleiades.stoa.org/places/682990830,Farah Bala Hisar,location-of-farah-bala-hisar
684682242,https://pleiades.stoa.org/places/684682242,Baths at Conimbriga,location-of-baths
688902982,https://pleiades.stoa.org/places/688902982,Eightercua,osm-location
689737510,https://pleiades.stoa.org/places/689737510,Lake Matese,location-of-lake-matese
696690497,https://pleiades.stoa.org/places/696690497,Temple of Hercules at Amman/Philadelpheia,location-of-temple-of-hercules
698136498,https://pleiades.stoa.org/places/698136498,Tumulo del Principe etrusco,osm-location
698771115,https://pleiades.stoa.org/places/698771115,Castell Bryn Gwyn,location-of-castell-bryn-gwyn
699777740,https://pleiades.stoa.org/places/699777740,Castro do Monte Padrão,osm-location
707467453,https://pleiades.stoa.org/places/707467453,Lacus Iuturnae,location-of-lacus-iuturnae
708211558,https://pleiades.stoa.org/places/708211558,Pauli Stincus,osm-location-of-san-nicolo-darcidano
708516601,https://pleiades.stoa.org/places/708516601,Nuraghe Sa Mandra 'e Sa Giua,osm-location-of-sa-mandra-e-sa-giua
708926627,https://pleiades.stoa.org/places/708926627,Abbotsbury Castle,osm-location
710805922,https://pleiades.stoa.org/places/710805922,"Via cava del Cavone, Sovana",via-cava-del-cavone-sovana
711765706,https://pleiades.stoa.org/places/711765706,Via Statilia tombs,location-of-via-statilia-tombs
712053696,https://pleiades.stoa.org/places/712053696,Winningen,osm-location
713816455,https://pleiades.stoa.org/places/713816455,Roman Theater of Baelo,location-of-roman-theater
714894593,https://pleiades.stoa.org/places/714894593,Castro de Zoñán,osm-location
719249422,https://pleiades.stoa.org/places/719249422,Ward Law,osm-location
721328707,https://pleiades.stoa.org/places/721328707,So-called twin sanctuary,location-of-sanctuary
721382239,https://pleiades.stoa.org/places/721382239,Black Ball Camp,location-of-black-ball-camp
722219503,https://pleiades.stoa.org/places/722219503,Ponte Cardona,osm-location
723135880,https://pleiades.stoa.org/places/723135880,Roman amphitheater at Burnum,location-of-roman-amphitheater
723135881,https://pleiades.stoa.org/places/723135881,Roman amphitheater at Salona,location-of-roman-amphitheater
723728396,https://pleiades.stoa.org/places/723728396,Torre di Mercurio,osm-location-of-so-called-torre-di-mercurio
728422856,https://pleiades.stoa.org/places/728422856,Roman Road in Sutton Park,osm-location
728475463,https://pleiades.stoa.org/places/728475463,Torre dei Conti,osm-location
729108589,https://pleiades.stoa.org/places/729108589,Wrekin Hill Fort,location-of-wrekin-hill-fort
729404980,https://pleiades.stoa.org/places/729404980,Locmariaquer megaliths,location-of-le-grand-menhir-brise
732014845,https://pleiades.stoa.org/places/732014845,Nuraghe Domu Beccia,location-of-nuraghe-domu-beccia
735520833,https://pleiades.stoa.org/places/735520833,Cardiff Castle,osm-location-of-cardiff-castle
738817254,https://pleiades.stoa.org/places/738817254,Ansignan aqueduct,location-of-aqueduct
739961553,https://pleiades.stoa.org/places/739961553,Esterzili,osm-location
740446771,https://pleiades.stoa.org/places/740446771,Agia Paraskevi,osm-location-of-agia-paraskevi
742529837,https://pleiades.stoa.org/places/742529837,Palaiosouda (island),palaiosouda
742741440,https://pleiades.stoa.org/places/742741440,Oldberry Castle,location-of-oldberry-castle
746490963,https://pleiades.stoa.org/places/746490963,Ponte di Traiano,location-of-roman-bridge
747563989,https://pleiades.stoa.org/places/747563989,Saint-Romain-en-Gal,osm-location
748102904,https://pleiades.stoa.org/places/748102904,Alyscamps,location-of-alyscamps
754796063,https://pleiades.stoa.org/places/754796063,Kalavasos Ayios Dhimitrios,location-of-kalavasos-ayios-dhimitrios
762843934,https://pleiades.stoa.org/places/762843934,Torraccio a Poggio Moiano,osm-location
764372594,https://pleiades.stoa.org/places/764372594,Citania de Santa Luzia,osm-location
767495092,https://pleiades.stoa.org/places/767495092,Parys Mountain,osm-location
767681019,https://pleiades.stoa.org/places/767681019,Nuraghe Maiori,osm-location
770702013,https://pleiades.stoa.org/places/770702013,Sanctae Mariae in Palmis,location-of-church
770702014,https://pleiades.stoa.org/places/770702014,Casale di Giovio,location-of-casale-di-giovio
772811914,https://pleiades.stoa.org/places/772811914,St. Catherine's Hill,location-st-catherines-hill-hill-fort
773739435,https://pleiades.stoa.org/places/773739435,Hippodrome of Constantinople,location-of-hippodrome-of-constantinople
776750186,https://pleiades.stoa.org/places/776750186,Pizzone necropolis,location-of-pizzone-necropolis
777218560,https://pleiades.stoa.org/places/777218560,Temple of the Winged Lions,location-of-temple-of-the-winged-lions
782843285,https://pleiades.stoa.org/places/782843285,Mira Lanza,location-of-archaeological-area
783906720,https://pleiades.stoa.org/places/783906720,Forum and basilica at Venta,osm-location-of-forum-and-basilica
785536582,https://pleiades.stoa.org/places/785536582,Roman amphitheater at Amiternum,location-of-roman-amphitheater
788159991,https://pleiades.stoa.org/places/788159991,Castel del Monte,osm-location
789856351,https://pleiades.stoa.org/places/789856351,Church in Sidi Khiribech,early-christian-church-in-sidi-khiribech
792786063,https://pleiades.stoa.org/places/792786063,Villa Cardillio,osm-location
793723815,https://pleiades.stoa.org/places/793723815,Temple of Isis,iseum
794553250,https://pleiades.stoa.org/places/794553250,"Los Casarejos, San Martín de Losa",osm-location
799667224,https://pleiades.stoa.org/places/799667224,Rathgall Hillfort,osm-location
799685245,https://pleiades.stoa.org/places/799685245,Succoronis,osm-location-of-nuraghe
800924137,https://pleiades.stoa.org/places/800924137,Nuraghe Goni,osm-location
801473432,https://pleiades.stoa.org/places/801473432,Dornburg,osm-location
802568386,https://pleiades.stoa.org/places/802568386,Roman bath at Lugdunum Convenarum,osm-location-of-roman-bath
807160605,https://pleiades.stoa.org/places/807160605,Kalavasos-Tenta,location-of-kalavasos-tenta
807933372,https://pleiades.stoa.org/places/807933372,Santu Misirinu,location-of-temple
811686778,https://pleiades.stoa.org/places/811686778,Dargues,location-of-roman-camp
812127749,https://pleiades.stoa.org/places/812127749,Aqueduct of the Gier,location-of-roman-aqueduct
814125747,https://pleiades.stoa.org/places/814125747,Le Sparne archaeological area,location-of-le-sparne-archaeological-area
814491445,https://pleiades.stoa.org/places/814491445,Los Vilars,location-of-oppidum
815485003,https://pleiades.stoa.org/places/815485003,Tombs of the Festoons and Frontespizio,osm-location-of-frontespizio-tomb|osm-location-of-tomb-of-the-festoons
815733687,https://pleiades.stoa.org/places/815733687,Audleystown Court Cairn,osm-location
815733688,https://pleiades.stoa.org/places/815733688,Cahercommaun,osm-location
817583144,https://pleiades.stoa.org/places/817583144,Poggio La Croce,osm-location-of-area-archeologica-etrusca-di
818101307,https://pleiades.stoa.org/places/818101307,Torreblanca del Sol (Fuengirola),location-of-roman-villa
819897603,https://pleiades.stoa.org/places/819897603,Glanum dam,lac-du-peirou
820236688,https://pleiades.stoa.org/places/820236688,Porta Consolare,location-of-porta-consolare
820932073,https://pleiades.stoa.org/places/820932073,Roman amphitheater at Sutri,location-of-roman-amphitheater
821182910,https://pleiades.stoa.org/places/821182910,Roman amphitheater at Casinum,loation-of-roman-amphitheater
822279249,https://pleiades.stoa.org/places/822279249,St. Ulrich,osm-location
824715367,https://pleiades.stoa.org/places/824715367,Santuario di Maria Santissima del Lattani,osm-location-of-santuario-della-madonna-dei
825677263,https://pleiades.stoa.org/places/825677263,Roman amphitheater at Calleva Atrebatum,location-of-roman-amphitheater
826976465,https://pleiades.stoa.org/places/826976465,Ta' Ħaġrat Temple Complex,osm-location-of-ta-a-aa-rat-temple
827074678,https://pleiades.stoa.org/places/827074678,Falerii Novi amphitheater,location-of-roman-amphitheater
829122898,https://pleiades.stoa.org/places/829122898,Arch of Trajan at Canosa,location-of-arco-di-traiano
834603595,https://pleiades.stoa.org/places/834603595,Danebury Hill Fort,location-of-skip-to-content-skip-to-navigation
834862588,https://pleiades.stoa.org/places/834862588,Palace of Diocletian,location-of-palace-of-diocletian
835093310,https://pleiades.stoa.org/places/835093310,Mahabalipuram,location-of-group-of-monuments-at-mahabalipuram
835775076,https://pleiades.stoa.org/places/835775076,Nuraghe Serbissi,location-of-nuraghe-serbissi
835787596,https://pleiades.stoa.org/places/835787596,Libersart,libersart-tumulus-1|libersart-tumulus-2
837735181,https://pleiades.stoa.org/places/837735181,Basilica of Saint-Pierre-aux-Nonnains,osm-location-of-basilica-of-saint-pierre-aux-nonnains
842845453,https://pleiades.stoa.org/places/842845453,Roman Forts and Camps at Cawthorn,osm-location|osm-location-camp-c|osm-location-camp-d
844452963,https://pleiades.stoa.org/places/844452963,Almonacid de la Cuba Dam,location-of-roman-dam
844790836,https://pleiades.stoa.org/places/844790836,Roman dam of Nossa Senhora da Represa,osm-location
845876618,https://pleiades.stoa.org/places/845876618,Aleksandrovo tumulus,location-of-aleksandrovo-tumulus
849534583,https://pleiades.stoa.org/places/849534583,Seruci,osm-location
850699463,https://pleiades.stoa.org/places/850699463,Decumanus maximus of Carsulae,osm-location-of-decumanus-maximus
851887955,https://pleiades.stoa.org/places/851887955,Forcello,osm-location-of-archaeological-area
853249147,https://pleiades.stoa.org/places/853249147,Civitas Camunnorum amphitheater,location-of-roman-amphitheater
853733571,https://pleiades.stoa.org/places/853733571,Roman amphitheater at Hydata Hypsitana/Forum Traiani,osm-location-of-roman-amphitheater
855536858,https://pleiades.stoa.org/places/855536858,Roman bridge at Ascain,osm-location
858265770,https://pleiades.stoa.org/places/858265770,Uffington White Horse,location-of-uffington-white-horse
858581367,https://pleiades.stoa.org/places/858581367,Castle of Gradara,osm-location
861510570,https://pleiades.stoa.org/places/861510570,Roman villa of Aia Nova,location-of-roman-villa
862761171,https://pleiades.stoa.org/places/862761171,Abbaye Saint-Pierre de Moissac,osm-location-of-abbaye-saint-pierre-de-moissac
862813573,https://pleiades.stoa.org/places/862813573,Roman Temple of Évora,location-of-temple-of-diana
864330772,https://pleiades.stoa.org/places/864330772,Kasta tomb,osm-location
865664297,https://pleiades.stoa.org/places/865664297,Basilica of San Clemente al Laterano,osm-location
865878062,https://pleiades.stoa.org/places/865878062,Purpurariae (islands),osm-location-of-mogador-island
869803559,https://pleiades.stoa.org/places/869803559,Tomb of Eumachia,tomb-of-eumachia
871179047,https://pleiades.stoa.org/places/871179047,Lobaos,osm-location-of-nuraghe-lobaos-i|osm-location-of-nuraghe-lobaos-ii
872503244,https://pleiades.stoa.org/places/872503244,Roman theater at Salona,osm-location-of-roman-theater
874798111,https://pleiades.stoa.org/places/874798111,Tatev,osm-location
876596457,https://pleiades.stoa.org/places/876596457,Roman baths of Acinipo,location-of-roman-baths
876608639,https://pleiades.stoa.org/places/876608639,Bratton Castle,location-of-bratton-castle-hill-fort
878157790,https://pleiades.stoa.org/places/878157790,Lunt Roman fort,location-of-fort
879502263,https://pleiades.stoa.org/places/879502263,Roman theater at Thignica,location-of-roman-theater
880615054,https://pleiades.stoa.org/places/880615054,Nuraghe Flumenelongu,osm-location
883384682,https://pleiades.stoa.org/places/883384682,Roman amphitheater at Thuburbo Maius,osm-location-of-roman-amphitheater
886273706,https://pleiades.stoa.org/places/886273706,Castro de Alvarelhos,osm-location
890174715,https://pleiades.stoa.org/places/890174715,Ermita de la Virgen del Pilar Dam,location-of-roman-dam
891687982,https://pleiades.stoa.org/places/891687982,Gremanu,osm-location
893570731,https://pleiades.stoa.org/places/893570731,"Roman amphitheatre, Charterhouse",location-of-roman-amphitheater
895280110,https://pleiades.stoa.org/places/895280110,Roman theater at Suessa Aurunca,location-of-roman-theater
897256486,https://pleiades.stoa.org/places/897256486,Uvecik Tepe,osm-location-of-tumulus
897982314,https://pleiades.stoa.org/places/897982314,Cogulló,location-of-oppidum
900159787,https://pleiades.stoa.org/places/900159787,Darsa (island),location-of-darsa
900159789,https://pleiades.stoa.org/places/900159789,Samḥa (island),location-of-samha
902458924,https://pleiades.stoa.org/places/902458924,Tanella Angori,osm-location-of-tanella-angori
903961839,https://pleiades.stoa.org/places/903961839,Muel dam,location-of-roman-dam
905076845,https://pleiades.stoa.org/places/905076845,"Roman walls, Novaria",osm-location-of-roman-walls
907258688,https://pleiades.stoa.org/places/907258688,Baths of Antoninus at Carthage,thermes-dantonin
907258690,https://pleiades.stoa.org/places/907258690,Roman theater at Utica,location-of-roman-theater
908696791,https://pleiades.stoa.org/places/908696791,Tophet de Salammbô,location-of-tophet
913408588,https://pleiades.stoa.org/places/913408588,Simitthu Roman theater,location-of-roman-theater
916890383,https://pleiades.stoa.org/places/916890383,Ani city wall,osm-location-of-city-wall
920519832,https://pleiades.stoa.org/places/920519832,Monastery of San Juan de Caaveiro,osm-location
924430433,https://pleiades.stoa.org/places/924430433,Chiesa di Sant'Ilario a Port' Aurea,location-of-chiesa-di-santilario-a-port-aurea
931407499,https://pleiades.stoa.org/places/931407499,Roman theater of Fourvière,location-of-roman-theater-of-fourviere
933005071,https://pleiades.stoa.org/places/933005071,Aquis Querquennis,osm-location
933607030,https://pleiades.stoa.org/places/933607030,Bussock Camp,location-of-bussock-camp-hill-fort
936115714,https://pleiades.stoa.org/places/936115714,Rocca Calascio,osm-location
937883502,https://pleiades.stoa.org/places/937883502,Sesklo,location-of-sesklo
939042073,https://pleiades.stoa.org/places/939042073,Staigue stone fort,osm-location
939167121,https://pleiades.stoa.org/places/939167121,Hellenistic and Roman quarter archaeological area,osm-location-of-hellenistic-and-roman-quarter
939442083,https://pleiades.stoa.org/places/939442083,Villamargo,osm-location-of-roman-villa
940029017,https://pleiades.stoa.org/places/940029017,Masath / Massa (river),osm-location-of-oued-massa-river
941771944,https://pleiades.stoa.org/places/941771944,Pompey's pillar,location-of-pompeys-pillar
950070777,https://pleiades.stoa.org/places/950070777,Irru,osm-location-of-nuragic-temple-of-irru
952774737,https://pleiades.stoa.org/places/952774737,Ponte di Pietra,location-of-ponte-di-pietra
954446705,https://pleiades.stoa.org/places/954446705,Voley Castle,location-of-voley-castle
954830505,https://pleiades.stoa.org/places/954830505,Cirauqui,location-of-roman-bridge|location-of-roman-road
955500071,https://pleiades.stoa.org/places/955500071,Arènes de Lutèce,location-of-arenes-de-lutece
957117765,https://pleiades.stoa.org/places/957117765,Nuraghe Trochesia,osm-location-of-nuraghe-trochesia
958275306,https://pleiades.stoa.org/places/958275306,Agora of Corinth,location-of-agora
960592954,https://pleiades.stoa.org/places/960592954,Circus at Lepcis Magna,location-of-circus
964510419,https://pleiades.stoa.org/places/964510419,Pen Dinas hill fort,location-of-pen-dinas-hill-fort
964673805,https://pleiades.stoa.org/places/964673805,Van Fortress,location-of-van-fortress
967215409,https://pleiades.stoa.org/places/967215409,Largo di Torre Argentina,location-of-area-sacra-di-largo-di-torre-argentina
968039984,https://pleiades.stoa.org/places/968039984,Grimde,location-of-tumuli
970563462,https://pleiades.stoa.org/places/970563462,Crypt and church of San Lussorio,location-of-san-lussorio
973289406,https://pleiades.stoa.org/places/973289406,Dover Castle,dover-castle
975572958,https://pleiades.stoa.org/places/975572958,Potto Codinu,osm-location
975884602,https://pleiades.stoa.org/places/975884602,Clovelly Dykes,osm-location-of-clovelly-dykes
976360689,https://pleiades.stoa.org/places/976360689,Garni temple,location-of-garni-temple
978176715,https://pleiades.stoa.org/places/978176715,Gallarus Oratory,osm-location
980724743,https://pleiades.stoa.org/places/980724743,Costa Murata archaeological area,location-of-costa-mura
982326584,https://pleiades.stoa.org/places/982326584,La Hougue Bie,location-of-la-houge-bie
983306646,https://pleiades.stoa.org/places/983306646,Naveta des Tudons,location-of-naveta-des-tudons
984823813,https://pleiades.stoa.org/places/984823813,Tumulus of Noville,location-of-tumulus-of-noville
987440325,https://pleiades.stoa.org/places/987440325,Nuraghe Sa Jua,osm-location-of-nuraghe-sa-jua
987777746,https://pleiades.stoa.org/places/987777746,Nuraghe Cubalciada,osm-location
989143586,https://pleiades.stoa.org/places/989143586,So-called Area L in Berenike,area-l-in-sidi-khiribech
989143587,https://pleiades.stoa.org/places/989143587,So-called Area H in Berenike,area-h-in-sidi-khiribech
989429710,https://pleiades.stoa.org/places/989429710,Uragh Stone Circle,osm-location
990568323,https://pleiades.stoa.org/places/990568323,Roman theater at Tlos,location-of-theater
995604669,https://pleiades.stoa.org/places/995604669,Tell Qarqur,tell-qarqur
998834783,https://pleiades.stoa.org/places/998834783,Roman amphitheater at Eporedia,osm-location-of-roman-amphitheater
