pid,uri,title
20467,https://pleiades.stoa.org/places/20467,Gepidi?
20523,https://pleiades.stoa.org/places/20523,Lemovii?
20566,https://pleiades.stoa.org/places/20566,Osioi?
20604,https://pleiades.stoa.org/places/20604,Sitones?
20619,https://pleiades.stoa.org/places/20619,Suiones?
20625,https://pleiades.stoa.org/places/20625,Tourountes? (river)
29540,https://pleiades.stoa.org/places/29540,Dahan-i Ghulaman/Zra(n)ka?
29556,https://pleiades.stoa.org/places/29556,Epimaranitae?/Nareitai?
29625,https://pleiades.stoa.org/places/29625,Karkuya/‘Korok’?
29633,https://pleiades.stoa.org/places/29633,Korodamon? Akron
29635,https://pleiades.stoa.org/places/29635,Kryptos Limen?
29678,https://pleiades.stoa.org/places/29678,Nad-i Ali/Zarang?
29686,https://pleiades.stoa.org/places/29686,Niriz/Narezzash?
29755,https://pleiades.stoa.org/places/29755,Shahristan/Zarang?
29781,https://pleiades.stoa.org/places/29781,Tell-i Zohak/Pasa?/Bashiyan?
39331,https://pleiades.stoa.org/places/39331,Coralis? (river)
39347,https://pleiades.stoa.org/places/39347,Gedranitae?
39388,https://pleiades.stoa.org/places/39388,Mosylon? Pr.
39428,https://pleiades.stoa.org/places/39428,Syagros? Pr.
39440,https://pleiades.stoa.org/places/39440,Zamareni?
49886,https://pleiades.stoa.org/places/49886,Azanos? (river)
49903,https://pleiades.stoa.org/places/49903,Barous(s)ai? (islands)
49911,https://pleiades.stoa.org/places/49911,Bazakata? (island)
49929,https://pleiades.stoa.org/places/49929,Byzantion?
50035,https://pleiades.stoa.org/places/50035,Kannagara?
50073,https://pleiades.stoa.org/places/50073,Koreoura?
50116,https://pleiades.stoa.org/places/50116,Mandagara?
50133,https://pleiades.stoa.org/places/50133,Milizigeris?/Sigerus?
50145,https://pleiades.stoa.org/places/50145,Musiris? L.
50179,https://pleiades.stoa.org/places/50179,Orneon? Pr.
50182,https://pleiades.stoa.org/places/50182,Ouangana? (island)
50184,https://pleiades.stoa.org/places/50184,Oulippada?
50196,https://pleiades.stoa.org/places/50196,Palaipatmai?
50252,https://pleiades.stoa.org/places/50252,Saline? (island)
50264,https://pleiades.stoa.org/places/50264,Sesekreienai? Inss.
50308,https://pleiades.stoa.org/places/50308,Toparon?
50315,https://pleiades.stoa.org/places/50315,Tyrannosboas?
50338,https://pleiades.stoa.org/places/50338,Zaba? Ins.
59654,https://pleiades.stoa.org/places/59654,Acutri?
59655,https://pleiades.stoa.org/places/59655,Adamas? (river)
59659,https://pleiades.stoa.org/places/59659,Aganagara?
59718,https://pleiades.stoa.org/places/59718,Asthala/Solis?/Karmina? Ins.
59726,https://pleiades.stoa.org/places/59726,Bactrus?/Zariaspis? (river)
59739,https://pleiades.stoa.org/places/59739,Batankaisara?
59774,https://pleiades.stoa.org/places/59774,Choes? (river)
59789,https://pleiades.stoa.org/places/59789,Dargoidos? (river)
59798,https://pleiades.stoa.org/places/59798,Dymos? (river)
59881,https://pleiades.stoa.org/places/59881,Kokala/Horaia?/Argenuus?
59898,https://pleiades.stoa.org/places/59898,Lonibarai? Stoma
59906,https://pleiades.stoa.org/places/59906,Malamantos? (river)
59933,https://pleiades.stoa.org/places/59933,Minnagara?/Akota
59948,https://pleiades.stoa.org/places/59948,Nysaioi?
59963,https://pleiades.stoa.org/places/59963,Ouandabanda?
59977,https://pleiades.stoa.org/places/59977,Paktyike?
59981,https://pleiades.stoa.org/places/59981,Parenos?
59993,https://pleiades.stoa.org/places/59993,Peukelaotis/Kaspatyros?
60000,https://pleiades.stoa.org/places/60000,Porouaroi?
60018,https://pleiades.stoa.org/places/60018,Rhappha?
60033,https://pleiades.stoa.org/places/60033,Saparnos? (river)
60090,https://pleiades.stoa.org/places/60090,Toutapos? (river)
69465,https://pleiades.stoa.org/places/69465,Andium? (island)
69527,https://pleiades.stoa.org/places/69527,Lisia?/Silia? (island)
70218,https://pleiades.stoa.org/places/70218,Aqueduct? supplying Augustodurum
79329,https://pleiades.stoa.org/places/79329,Birgos? (river)
79340,https://pleiades.stoa.org/places/79340,Bovium?
79369,https://pleiades.stoa.org/places/79369,‘Camborico’?
79371,https://pleiades.stoa.org/places/79371,Slack Roman Fort (Camulodonum?)
79382,https://pleiades.stoa.org/places/79382,Causennis?
79412,https://pleiades.stoa.org/places/79412,Danum?
79512,https://pleiades.stoa.org/places/79512,(H)Ieron? Akron
79534,https://pleiades.stoa.org/places/79534,Ischalis?
79556,https://pleiades.stoa.org/places/79556,‘Lavobrinta’?
79578,https://pleiades.stoa.org/places/79578,Pumsaint Roman Fort (ancient Louentinon?)
79625,https://pleiades.stoa.org/places/79625,Oboka? (river)
79626,https://pleiades.stoa.org/places/79626,Okellou? Akron
79645,https://pleiades.stoa.org/places/79645,Portus ‘Adurni’?
79652,https://pleiades.stoa.org/places/79652,Ratostabios? (river)
79656,https://pleiades.stoa.org/places/79656,Rigodounon?
79663,https://pleiades.stoa.org/places/79663,Rutunium?
79706,https://pleiades.stoa.org/places/79706,Tamion?
79738,https://pleiades.stoa.org/places/79738,Vertis?
89093,https://pleiades.stoa.org/places/89093,‘Abraouannos’? (river)
89112,https://pleiades.stoa.org/places/89112,Bannatia?
89120,https://pleiades.stoa.org/places/89120,Bodotria? Aestuarium
89121,https://pleiades.stoa.org/places/89121,Boresti?
89125,https://pleiades.stoa.org/places/89125,B(r)ibra?
89134,https://pleiades.stoa.org/places/89134,Cana? (island)
89139,https://pleiades.stoa.org/places/89139,Corda?
89148,https://pleiades.stoa.org/places/89148,Colani(c)a?
89205,https://pleiades.stoa.org/places/89205,Ilkley (Verbeia?)
89206,https://pleiades.stoa.org/places/89206,Victoria?
89226,https://pleiades.stoa.org/places/89226,Lindon?
89237,https://pleiades.stoa.org/places/89237,Magis?
89264,https://pleiades.stoa.org/places/89264,Ouarar? (river)
89270,https://pleiades.stoa.org/places/89270,Ouolas? Kolpos
89297,https://pleiades.stoa.org/places/89297,Tameia?
98933,https://pleiades.stoa.org/places/98933,Carvo?
98934,https://pleiades.stoa.org/places/98934,Castra Herculis?
98940,https://pleiades.stoa.org/places/98940,Codanus? Sinus
98948,https://pleiades.stoa.org/places/98948,Dulgubnii?
98980,https://pleiades.stoa.org/places/98980,Heruli?
98993,https://pleiades.stoa.org/places/98993,Kaloukones?
98998,https://pleiades.stoa.org/places/98998,Levefanum?
99009,https://pleiades.stoa.org/places/99009,Melibokon? Oros
99032,https://pleiades.stoa.org/places/99032,Sabalingioi?
99034,https://pleiades.stoa.org/places/99034,Salii?
99037,https://pleiades.stoa.org/places/99037,Sigoulones?
99043,https://pleiades.stoa.org/places/99043,Teutoburgiensis? Saltus
99044,https://pleiades.stoa.org/places/99044,Teutones?
108727,https://pleiades.stoa.org/places/108727,Ad Lullia?
108755,https://pleiades.stoa.org/places/108755,Argentovaria?
108780,https://pleiades.stoa.org/places/108780,Axuenna?
108787,https://pleiades.stoa.org/places/108787,Baetasii?
108792,https://pleiades.stoa.org/places/108792,Basilia?
108838,https://pleiades.stoa.org/places/108838,Burungum?
108845,https://pleiades.stoa.org/places/108845,Caesia? Silva
108849,https://pleiades.stoa.org/places/108849,Calo?
108857,https://pleiades.stoa.org/places/108857,Caranusca?
108873,https://pleiades.stoa.org/places/108873,Catusiacum?
108897,https://pleiades.stoa.org/places/108897,Concordia?
108898,https://pleiades.stoa.org/places/108898,Condacum?
108906,https://pleiades.stoa.org/places/108906,Contrua?
108910,https://pleiades.stoa.org/places/108910,Corobilium?
108980,https://pleiades.stoa.org/places/108980,Feresne?
109000,https://pleiades.stoa.org/places/109000,*Ganuenta?
109003,https://pleiades.stoa.org/places/109003,Geminiacum?
109060,https://pleiades.stoa.org/places/109060,Ibliodurum?
109102,https://pleiades.stoa.org/places/109102,Laugona? (river)
109115,https://pleiades.stoa.org/places/109115,Lintomagus?
109116,https://pleiades.stoa.org/places/109116,Litanobriga?
109120,https://pleiades.stoa.org/places/109120,Loium?
109140,https://pleiades.stoa.org/places/109140,Marcis?
109141,https://pleiades.stoa.org/places/109141,Marcomagus?
109143,https://pleiades.stoa.org/places/109143,Marsaci?
109165,https://pleiades.stoa.org/places/109165,Minariacum?
109181,https://pleiades.stoa.org/places/109181,Mosa?
109191,https://pleiades.stoa.org/places/109191,Nava? (river)
109216,https://pleiades.stoa.org/places/109216,Noviodunum?
109245,https://pleiades.stoa.org/places/109245,Perniciacum?
109263,https://pleiades.stoa.org/places/109263,Princastellum?
109271,https://pleiades.stoa.org/places/109271,Ratumagus Silvanectum?
109285,https://pleiades.stoa.org/places/109285,Rodium?
109288,https://pleiades.stoa.org/places/109288,Rouphiniana?
109299,https://pleiades.stoa.org/places/109299,Sabis? (river)
109300,https://pleiades.stoa.org/places/109300,Sablones?
109318,https://pleiades.stoa.org/places/109318,Salioclita?
109338,https://pleiades.stoa.org/places/109338,[Sentiacum]?
109343,https://pleiades.stoa.org/places/109343,Setuci?
109370,https://pleiades.stoa.org/places/109370,Tegula?
109373,https://pleiades.stoa.org/places/109373,Teudurum?
109378,https://pleiades.stoa.org/places/109378,Tiberiacum?
109386,https://pleiades.stoa.org/places/109386,Traiectus?
109401,https://pleiades.stoa.org/places/109401,Uggate?
109424,https://pleiades.stoa.org/places/109424,Vicus Bibiensium?
109425,https://pleiades.stoa.org/places/109425,Vicus Bodatius?
114789,https://pleiades.stoa.org/places/114789,Petromantulum?/Petromantalum?/Petrum Viaco
118541,https://pleiades.stoa.org/places/118541,Ad Iuvense?
118577,https://pleiades.stoa.org/places/118577,Asturis?
118627,https://pleiades.stoa.org/places/118627,Cat(t)enates?
118687,https://pleiades.stoa.org/places/118687,Gabreta? Hyle
118761,https://pleiades.stoa.org/places/118761,Ioviacum?
118766,https://pleiades.stoa.org/places/118766,Ivarus? (river)
118811,https://pleiades.stoa.org/places/118811,Lo(a)cus Felicis?
118837,https://pleiades.stoa.org/places/118837,Marsingi?
118936,https://pleiades.stoa.org/places/118936,Runicates?
118965,https://pleiades.stoa.org/places/118965,Silingai?
118970,https://pleiades.stoa.org/places/118970,Soudianoi?
119034,https://pleiades.stoa.org/places/119034,Virdo? (river)
128371,https://pleiades.stoa.org/places/128371,Buri?
128375,https://pleiades.stoa.org/places/128375,Cannabiaca?
138175,https://pleiades.stoa.org/places/138175,Ambilatri?
138182,https://pleiades.stoa.org/places/138182,Anger? (river)
138194,https://pleiades.stoa.org/places/138194,Arouioi?
138213,https://pleiades.stoa.org/places/138213,*Balatedinis?
138223,https://pleiades.stoa.org/places/138223,Bicera? (river)
138233,https://pleiades.stoa.org/places/138233,Boii?
138240,https://pleiades.stoa.org/places/138240,*Briotreidis?
138258,https://pleiades.stoa.org/places/138258,Cambiovicenses?
138298,https://pleiades.stoa.org/places/138298,Civitas Namnetum/Kondeouinkon?
138303,https://pleiades.stoa.org/places/138303,Conbaristum?
138324,https://pleiades.stoa.org/places/138324,Datioi?
138328,https://pleiades.stoa.org/places/138328,Diolindum?
138335,https://pleiades.stoa.org/places/138335,‘Duretie’?
138336,https://pleiades.stoa.org/places/138336,Durotincum?
138341,https://pleiades.stoa.org/places/138341,Eleuteti?
138361,https://pleiades.stoa.org/places/138361,Flaviaco?
138373,https://pleiades.stoa.org/places/138373,Gergovia?
138407,https://pleiades.stoa.org/places/138407,Kouriannon? Akroterion
138460,https://pleiades.stoa.org/places/138460,Meduana? (river)
138477,https://pleiades.stoa.org/places/138477,Musciacas?
138495,https://pleiades.stoa.org/places/138495,Noviodunum?/Nevirnum?
138505,https://pleiades.stoa.org/places/138505,Ouagoriton?
138517,https://pleiades.stoa.org/places/138517,Piktonion? Akron
138543,https://pleiades.stoa.org/places/138543,Rotomagus?
138580,https://pleiades.stoa.org/places/138580,Segora?
138584,https://pleiades.stoa.org/places/138584,Senaparia?
138585,https://pleiades.stoa.org/places/138585,‘Sermanicomago’?
138587,https://pleiades.stoa.org/places/138587,Siata? (island)
138591,https://pleiades.stoa.org/places/138591,Sikor Limen?
138594,https://pleiades.stoa.org/places/138594,*Siroialum?
138598,https://pleiades.stoa.org/places/138598,*Solonacum?
138608,https://pleiades.stoa.org/places/138608,Tasciaca?
138611,https://pleiades.stoa.org/places/138611,Tausiriacum?
138621,https://pleiades.stoa.org/places/138621,*Tornomagus?
138625,https://pleiades.stoa.org/places/138625,Travectus?
138640,https://pleiades.stoa.org/places/138640,Variacum?
138664,https://pleiades.stoa.org/places/138664,*Vodollacum?
138668,https://pleiades.stoa.org/places/138668,Vultaconum?
147995,https://pleiades.stoa.org/places/147995,*Aramo?
148024,https://pleiades.stoa.org/places/148024,*Briginnum?
148025,https://pleiades.stoa.org/places/148025,Brugetia?
148084,https://pleiades.stoa.org/places/148084,Fossae Marianae?
148099,https://pleiades.stoa.org/places/148099,Hispaniense? Ostium
148114,https://pleiades.stoa.org/places/148114,Libicii?
148128,https://pleiades.stoa.org/places/148128,Massalioticum? Ostium
148134,https://pleiades.stoa.org/places/148134,Metapinum? Ostium
148198,https://pleiades.stoa.org/places/148198,Segusio?
148205,https://pleiades.stoa.org/places/148205,Statumae?
148213,https://pleiades.stoa.org/places/148213,Tedusia?
148219,https://pleiades.stoa.org/places/148219,Tricores?
148229,https://pleiades.stoa.org/places/148229,Vatrute?
148236,https://pleiades.stoa.org/places/148236,Vindalium?
148240,https://pleiades.stoa.org/places/148240,*Virinnae?
157831,https://pleiades.stoa.org/places/157831,Camactulici?
157837,https://pleiades.stoa.org/places/157837,Costa Bellene/Ballene (Capo Don?)
157859,https://pleiades.stoa.org/places/157859,Gallitae?
157907,https://pleiades.stoa.org/places/157907,Pomponiana?
157927,https://pleiades.stoa.org/places/157927,Sogiontii?
157930,https://pleiades.stoa.org/places/157930,Suelteri?
157939,https://pleiades.stoa.org/places/157939,Tritolii?
157947,https://pleiades.stoa.org/places/157947,Verucini?
167613,https://pleiades.stoa.org/places/167613,Acitavones?
167673,https://pleiades.stoa.org/places/167673,Belaci?
167753,https://pleiades.stoa.org/places/167753,Eguiturii?
167785,https://pleiades.stoa.org/places/167785,Graioceli?
167852,https://pleiades.stoa.org/places/167852,Nemeturii?
167913,https://pleiades.stoa.org/places/167913,Savincates?
167915,https://pleiades.stoa.org/places/167915,Sebaginni?
167918,https://pleiades.stoa.org/places/167918,Segovii?
177443,https://pleiades.stoa.org/places/177443,Aquae Bormonis?
177452,https://pleiades.stoa.org/places/177452,Ariolica?
177599,https://pleiades.stoa.org/places/177599,Oskela?
177605,https://pleiades.stoa.org/places/177605,Pocrinium?
177631,https://pleiades.stoa.org/places/177631,Segobodium?
177637,https://pleiades.stoa.org/places/177637,Tarnaias?
177649,https://pleiades.stoa.org/places/177649,Uruncis?
177656,https://pleiades.stoa.org/places/177656,*Vertillum?
187328,https://pleiades.stoa.org/places/187328,Brixenetes?
187424,https://pleiades.stoa.org/places/187424,Isarci?
187446,https://pleiades.stoa.org/places/187446,Lapidaria?
187457,https://pleiades.stoa.org/places/187457,*Licus? (river)
187460,https://pleiades.stoa.org/places/187460,Loncium?
187503,https://pleiades.stoa.org/places/187503,Pagus Laebactium?
187603,https://pleiades.stoa.org/places/187603,Urusa?
197064,https://pleiades.stoa.org/places/197064,Ad Labores?
197081,https://pleiades.stoa.org/places/197081,Ad Publicanos?
197086,https://pleiades.stoa.org/places/197086,Ad Statuas?
197087,https://pleiades.stoa.org/places/197087,Ad Titulos?
197091,https://pleiades.stoa.org/places/197091,‘Ad Zizio’?
197169,https://pleiades.stoa.org/places/197169,Biston?
197251,https://pleiades.stoa.org/places/197251,‘Donatianis’?
197275,https://pleiades.stoa.org/places/197275,Floriana?
197349,https://pleiades.stoa.org/places/197349,‘Leucono’?
197361,https://pleiades.stoa.org/places/197361,Lussomana?
197466,https://pleiades.stoa.org/places/197466,Raetinium?
197507,https://pleiades.stoa.org/places/197507,Serena?
197571,https://pleiades.stoa.org/places/197571,Valdasus? (river)
206875,https://pleiades.stoa.org/places/206875,Ad Aquas?
216703,https://pleiades.stoa.org/places/216703,Angustia?
216756,https://pleiades.stoa.org/places/216756,‘Cazalet’?
216767,https://pleiades.stoa.org/places/216767,Cillis?
216837,https://pleiades.stoa.org/places/216837,Hierasos/Gerasus/Tiarantos? (river)
216860,https://pleiades.stoa.org/places/216860,Karon Limen?
216891,https://pleiades.stoa.org/places/216891,Naparis? (river)
216893,https://pleiades.stoa.org/places/216893,Naulochos/Templum Iovis?
216909,https://pleiades.stoa.org/places/216909,Oitensioi?
226505,https://pleiades.stoa.org/places/226505,Acesinus? (river)
226611,https://pleiades.stoa.org/places/226611,Gratiana?
226617,https://pleiades.stoa.org/places/226617,Halmyris?
226646,https://pleiades.stoa.org/places/226646,Kalos Limen?
226653,https://pleiades.stoa.org/places/226653,Karkinites/Hypakyris? (river)
226658,https://pleiades.stoa.org/places/226658,Kerkinitis?
226712,https://pleiades.stoa.org/places/226712,Panticapes? (river)
226714,https://pleiades.stoa.org/places/226714,Parthenion? Akron
226762,https://pleiades.stoa.org/places/226762,Siraci?
236361,https://pleiades.stoa.org/places/236361,Avila/Obila?
236366,https://pleiades.stoa.org/places/236366,Baidyoi?
236378,https://pleiades.stoa.org/places/236378,Brauon?
236439,https://pleiades.stoa.org/places/236439,Colarni?
236452,https://pleiades.stoa.org/places/236452,Devales? (river)
236453,https://pleiades.stoa.org/places/236453,Ducanaris? (river)
236465,https://pleiades.stoa.org/places/236465,(Flavium) Brigantium/Portus Magnus?
236486,https://pleiades.stoa.org/places/236486,Interamici?
236489,https://pleiades.stoa.org/places/236489,Interannienses?
236515,https://pleiades.stoa.org/places/236515,Leuni?
236531,https://pleiades.stoa.org/places/236531,Magnetum?
236558,https://pleiades.stoa.org/places/236558,Nailos?/Melsos? (river)
236564,https://pleiades.stoa.org/places/236564,Nemetatoi?
236587,https://pleiades.stoa.org/places/236587,Paesuri?
236605,https://pleiades.stoa.org/places/236605,Pleutauroi?
236654,https://pleiades.stoa.org/places/236654,Sauga? (river)
236664,https://pleiades.stoa.org/places/236664,Seurbi?
236670,https://pleiades.stoa.org/places/236670,Susarri?
246245,https://pleiades.stoa.org/places/246245,Biclaro?
246250,https://pleiades.stoa.org/places/246250,Blacinaco?
246274,https://pleiades.stoa.org/places/246274,Caesada?
246353,https://pleiades.stoa.org/places/246353,Condatomagus?
246481,https://pleiades.stoa.org/places/246481,Maleto?
246497,https://pleiades.stoa.org/places/246497,Medulla? (river)
246575,https://pleiades.stoa.org/places/246575,Praemiacum?
246576,https://pleiades.stoa.org/places/246576,Praetorium?
246591,https://pleiades.stoa.org/places/246591,*Rubressus? L.
246592,https://pleiades.stoa.org/places/246592,Rubricatum?
246630,https://pleiades.stoa.org/places/246630,Scalae Hannibalis?
246632,https://pleiades.stoa.org/places/246632,Sebendounon?
246647,https://pleiades.stoa.org/places/246647,Semproniana?
246653,https://pleiades.stoa.org/places/246653,*Sexciacum?
246667,https://pleiades.stoa.org/places/246667,Subur?
246691,https://pleiades.stoa.org/places/246691,Ticis? (river)
246729,https://pleiades.stoa.org/places/246729,Vareia?
256017,https://pleiades.stoa.org/places/256017,Barbesula/Barbariana?
256089,https://pleiades.stoa.org/places/256089,Celti?/Leptis?
256107,https://pleiades.stoa.org/places/256107,Cilpe/*Lacilbula?
256108,https://pleiades.stoa.org/places/256108,Cimbii?
256184,https://pleiades.stoa.org/places/256184,Glaukou? Akra
256193,https://pleiades.stoa.org/places/256193,(H)Asta/Col. Hasta Regia/Ligystine?
256220,https://pleiades.stoa.org/places/256220,*Igaeditania?
256229,https://pleiades.stoa.org/places/256229,Irippo?/Serippo?
256274,https://pleiades.stoa.org/places/256274,Luaron? Akron
256336,https://pleiades.stoa.org/places/256336,Olbensis Pagus?
256361,https://pleiades.stoa.org/places/256361,Perceiana/Promptiana?
256500,https://pleiades.stoa.org/places/256500,Urgapa?
265770,https://pleiades.stoa.org/places/265770,Ad Ello?
265771,https://pleiades.stoa.org/places/265771,Ad Gemellas?
265779,https://pleiades.stoa.org/places/265779,Ad Palem?
265781,https://pleiades.stoa.org/places/265781,Ad Statuas?
265783,https://pleiades.stoa.org/places/265783,Ad Turres?/Turres Saetab(...)?
265784,https://pleiades.stoa.org/places/265784,Agatucci?
265812,https://pleiades.stoa.org/places/265812,Bactara?
265813,https://pleiades.stoa.org/places/265813,Baebelo?
265814,https://pleiades.stoa.org/places/265814,Baecula?
265846,https://pleiades.stoa.org/places/265846,Carcuvium?
265853,https://pleiades.stoa.org/places/265853,Castra Postumiana?
265857,https://pleiades.stoa.org/places/265857,Caviclum?
265874,https://pleiades.stoa.org/places/265874,Colubraria? (island)
265891,https://pleiades.stoa.org/places/265891,Eliocroca?
265894,https://pleiades.stoa.org/places/265894,Etobesa/Etouissa?
265898,https://pleiades.stoa.org/places/265898,Ficariensis Locus?
265900,https://pleiades.stoa.org/places/265900,Fraxinum?
265906,https://pleiades.stoa.org/places/265906,Guium?
265928,https://pleiades.stoa.org/places/265928,Ilounon?
265984,https://pleiades.stoa.org/places/265984,Olcades?
266022,https://pleiades.stoa.org/places/266022,Salaria?
266023,https://pleiades.stoa.org/places/266023,Salika?
266035,https://pleiades.stoa.org/places/266035,Segisa?
266050,https://pleiades.stoa.org/places/266050,Spartarius? Campus
266071,https://pleiades.stoa.org/places/266071,*Tuci?
266082,https://pleiades.stoa.org/places/266082,Udiva? (river)
266097,https://pleiades.stoa.org/places/266097,Viniolae?
275579,https://pleiades.stoa.org/places/275579,Ad Mercuri?
275600,https://pleiades.stoa.org/places/275600,Baniurae?
275615,https://pleiades.stoa.org/places/275615,Cottae?
275639,https://pleiades.stoa.org/places/275639,Heras? (island)
275640,https://pleiades.stoa.org/places/275640,Heras? (island)
275730,https://pleiades.stoa.org/places/275730,Taenia Longa?
285392,https://pleiades.stoa.org/places/285392,Ad Dracones?
285393,https://pleiades.stoa.org/places/285393,Ad Fratres?
285410,https://pleiades.stoa.org/places/285410,Akouensioi?
285422,https://pleiades.stoa.org/places/285422,Camarata?
285423,https://pleiades.stoa.org/places/285423,Canarii?
285426,https://pleiades.stoa.org/places/285426,Cen(..)?
285437,https://pleiades.stoa.org/places/285437,Dryitai?
285439,https://pleiades.stoa.org/places/285439,Eloulioi?
285440,https://pleiades.stoa.org/places/285440,Error? (island)
285476,https://pleiades.stoa.org/places/285476,Lemnis?
285480,https://pleiades.stoa.org/places/285480,Massaesylii?
285484,https://pleiades.stoa.org/places/285484,Melanogaitouloi?
285493,https://pleiades.stoa.org/places/285493,Nakmousioi?
285538,https://pleiades.stoa.org/places/285538,Tolotai?
295215,https://pleiades.stoa.org/places/295215,Ancorarius? M.
295220,https://pleiades.stoa.org/places/295220,Artennites?
295225,https://pleiades.stoa.org/places/295225,Bantouraroi?
295239,https://pleiades.stoa.org/places/295239,Caput Cilani?
295242,https://pleiades.stoa.org/places/295242,Cartili?
295243,https://pleiades.stoa.org/places/295243,Casae Calventi?
295244,https://pleiades.stoa.org/places/295244,Castellum Elephantaria?
295249,https://pleiades.stoa.org/places/295249,Centenarium?
295273,https://pleiades.stoa.org/places/295273,Iar Castellum?
295284,https://pleiades.stoa.org/places/295284,Iubaleni?
295314,https://pleiades.stoa.org/places/295314,Nabar? (river)
295318,https://pleiades.stoa.org/places/295318,Obori?
295369,https://pleiades.stoa.org/places/295369,Vagal?
305023,https://pleiades.stoa.org/places/305023,Ad Rubras?
305032,https://pleiades.stoa.org/places/305032,*Astora?
305033,https://pleiades.stoa.org/places/305033,Asuccuris?
305048,https://pleiades.stoa.org/places/305048,Castellum Fabatianum?
305065,https://pleiades.stoa.org/places/305065,Civitas Gentis Suburburum/Idicra?
305069,https://pleiades.stoa.org/places/305069,Culucitanis?
305074,https://pleiades.stoa.org/places/305074,*Emadaucapensis?
305083,https://pleiades.stoa.org/places/305083,Garbe?
305086,https://pleiades.stoa.org/places/305086,Giddibenses?
305087,https://pleiades.stoa.org/places/305087,Goulos? (river)
305089,https://pleiades.stoa.org/places/305089,Hippo? Akra
305102,https://pleiades.stoa.org/places/305102,Lesbi?
305107,https://pleiades.stoa.org/places/305107,Med(iana?)
305110,https://pleiades.stoa.org/places/305110,Mopth(i?)
305118,https://pleiades.stoa.org/places/305118,Novar(icia?)
305122,https://pleiades.stoa.org/places/305122,Numituriana?/Saltus Caeliae Maximae
305126,https://pleiades.stoa.org/places/305126,Paccianis Matidiae?/Tucca?
305138,https://pleiades.stoa.org/places/305138,Rusazus?
305158,https://pleiades.stoa.org/places/305158,Sulluctu?
305164,https://pleiades.stoa.org/places/305164,Thenebreste?
305172,https://pleiades.stoa.org/places/305172,Tucca?/Fines Africae et Mauretaniae?
305184,https://pleiades.stoa.org/places/305184,Vicus Augusti/*Castellum Medianum Matidium Alexandrianum Tilirvense?
314847,https://pleiades.stoa.org/places/314847,Ad Atticille?
314849,https://pleiades.stoa.org/places/314849,Ad Gall(inaci)um?
314850,https://pleiades.stoa.org/places/314850,Ad Mercurium?
314851,https://pleiades.stoa.org/places/314851,Ad Mercurium?
314852,https://pleiades.stoa.org/places/314852,Ad Molas?
314858,https://pleiades.stoa.org/places/314858,Aggersel?
314881,https://pleiades.stoa.org/places/314881,Aquae?
314885,https://pleiades.stoa.org/places/314885,Aquae Traianae?
314886,https://pleiades.stoa.org/places/314886,Aquilaria?
314890,https://pleiades.stoa.org/places/314890,Armua?/Armoniacum (river)
314919,https://pleiades.stoa.org/places/314919,Canop(e)?
314923,https://pleiades.stoa.org/places/314923,Castra Corneli(ana)?
314939,https://pleiades.stoa.org/places/314939,Cluacar(ia)?
314941,https://pleiades.stoa.org/places/314941,Cresima?
314949,https://pleiades.stoa.org/places/314949,Drusiliana?
314956,https://pleiades.stoa.org/places/314956,Fundus Tigibelle?
314968,https://pleiades.stoa.org/places/314968,Gumis?
314969,https://pleiades.stoa.org/places/314969,*Gunela?
315035,https://pleiades.stoa.org/places/315035,Hermaeum?
315036,https://pleiades.stoa.org/places/315036,Hermaia Akra/Mercurii Pr./Kalon Akroterion?
315051,https://pleiades.stoa.org/places/315051,Kerophaioi?
315060,https://pleiades.stoa.org/places/315060,Lamniana?
315068,https://pleiades.stoa.org/places/315068,*Maragui Sara?
315076,https://pleiades.stoa.org/places/315076,Membrone?
315080,https://pleiades.stoa.org/places/315080,Midicca?
315084,https://pleiades.stoa.org/places/315084,Municipium Aurelium Commodianum/Thibiuca?
315095,https://pleiades.stoa.org/places/315095,Novae Aquilianae?
315099,https://pleiades.stoa.org/places/315099,Onellaba?/Odiana
315100,https://pleiades.stoa.org/places/315100,Orbita?
315106,https://pleiades.stoa.org/places/315106,Pagus Mercurialis?
315110,https://pleiades.stoa.org/places/315110,Pagus Trisipensis?
315130,https://pleiades.stoa.org/places/315130,Roubrikatos? (river)
315132,https://pleiades.stoa.org/places/315132,Rusucmona?/Castra Delia
315173,https://pleiades.stoa.org/places/315173,Siminina?
315187,https://pleiades.stoa.org/places/315187,Teglata?
315189,https://pleiades.stoa.org/places/315189,Terapse? (island)
315190,https://pleiades.stoa.org/places/315190,Tezaga?
315200,https://pleiades.stoa.org/places/315200,Theudalis?
315203,https://pleiades.stoa.org/places/315203,Thibiuca?
315212,https://pleiades.stoa.org/places/315212,Thinisa?/Tuneiza?/Tunisa?
315223,https://pleiades.stoa.org/places/315223,Thugga/Tokai?
315235,https://pleiades.stoa.org/places/315235,Tuniza?
315255,https://pleiades.stoa.org/places/315255,Vasidice?
315259,https://pleiades.stoa.org/places/315259,Vicus Augusti?
324655,https://pleiades.stoa.org/places/324655,Ad Arvalla?
324656,https://pleiades.stoa.org/places/324656,(Ad) Oleastrum?
324657,https://pleiades.stoa.org/places/324657,Aeliae?
324658,https://pleiades.stoa.org/places/324658,Aggar?
324663,https://pleiades.stoa.org/places/324663,Alipota?/Gummi
324688,https://pleiades.stoa.org/places/324688,*Cellae Picentinae Vicus?
324692,https://pleiades.stoa.org/places/324692,Cerva?
324697,https://pleiades.stoa.org/places/324697,Cululis (Theodoriana)?
324758,https://pleiades.stoa.org/places/324758,Iustinianopolis?
324780,https://pleiades.stoa.org/places/324780,Meneg(g)ere?
324788,https://pleiades.stoa.org/places/324788,Mutia?
324792,https://pleiades.stoa.org/places/324792,Nara?
324797,https://pleiades.stoa.org/places/324797,Ouzalai?
324798,https://pleiades.stoa.org/places/324798,Oviscae?
324807,https://pleiades.stoa.org/places/324807,Sarsura?
324813,https://pleiades.stoa.org/places/324813,Silesva?
324824,https://pleiades.stoa.org/places/324824,Tegea?
324829,https://pleiades.stoa.org/places/324829,Themetra?
324830,https://pleiades.stoa.org/places/324830,*Thesacthum?
324833,https://pleiades.stoa.org/places/324833,Thigibba?
324846,https://pleiades.stoa.org/places/324846,Vaga?
324850,https://pleiades.stoa.org/places/324850,Vicus Augusti?
324853,https://pleiades.stoa.org/places/324853,Zeta?
334468,https://pleiades.stoa.org/places/334468,Abannae?
334472,https://pleiades.stoa.org/places/334472,Ad Basilicam Diadumene?
334474,https://pleiades.stoa.org/places/334474,Ad Duo Flumina?
334477,https://pleiades.stoa.org/places/334477,Ad Piscinam?
334478,https://pleiades.stoa.org/places/334478,Ad Speculum?
334479,https://pleiades.stoa.org/places/334479,Ad Symmachi?
334480,https://pleiades.stoa.org/places/334480,Ad Turres?/Paratouron
334510,https://pleiades.stoa.org/places/334510,Caprarienses?
334526,https://pleiades.stoa.org/places/334526,Cellas/Castellum Cellense?
334573,https://pleiades.stoa.org/places/334573,Lamiggig(a?)
334583,https://pleiades.stoa.org/places/334583,Macomades?
334584,https://pleiades.stoa.org/places/334584,Macri?
334586,https://pleiades.stoa.org/places/334586,Marcimeni?
334593,https://pleiades.stoa.org/places/334593,Midili?
334604,https://pleiades.stoa.org/places/334604,Nova Petra?
334605,https://pleiades.stoa.org/places/334605,Nova Sparsa?
334608,https://pleiades.stoa.org/places/334608,Perdices?
334627,https://pleiades.stoa.org/places/334627,Tadutti?
334628,https://pleiades.stoa.org/places/334628,Tatilti?
334631,https://pleiades.stoa.org/places/334631,Thac(arata?)
334656,https://pleiades.stoa.org/places/334656,Vamacures?
334659,https://pleiades.stoa.org/places/334659,Vatari?
344289,https://pleiades.stoa.org/places/344289,Agarlabas?
344300,https://pleiades.stoa.org/places/344300,Astakoures?
344344,https://pleiades.stoa.org/places/344344,Cisippades?
344347,https://pleiades.stoa.org/places/344347,Dolopes?
344350,https://pleiades.stoa.org/places/344350,Elaiones?
344351,https://pleiades.stoa.org/places/344351,Erebidai?
344352,https://pleiades.stoa.org/places/344352,Eropaioi?
344356,https://pleiades.stoa.org/places/344356,Gadabitani?
344358,https://pleiades.stoa.org/places/344358,Gamphasantes?
344379,https://pleiades.stoa.org/places/344379,Gidaphta?
344381,https://pleiades.stoa.org/places/344381,Gindanes?
344383,https://pleiades.stoa.org/places/344383,Girba?
344429,https://pleiades.stoa.org/places/344429,Machlyae?
344437,https://pleiades.stoa.org/places/344437,Megradi/Megerthis?
344443,https://pleiades.stoa.org/places/344443,Minna/Villa Marsi?
344460,https://pleiades.stoa.org/places/344460,Pontos?
344477,https://pleiades.stoa.org/places/344477,Samamykioi?
344494,https://pleiades.stoa.org/places/344494,Tabalati?
344501,https://pleiades.stoa.org/places/344501,Taricheiai?
344514,https://pleiades.stoa.org/places/344514,Tidamensioi?
344517,https://pleiades.stoa.org/places/344517,Timezegeri Turris?
344532,https://pleiades.stoa.org/places/344532,Vicus M(...)nus?
354100,https://pleiades.stoa.org/places/354100,Baracum?
354108,https://pleiades.stoa.org/places/354108,Dedris?
363994,https://pleiades.stoa.org/places/363994,Maketai?
364021,https://pleiades.stoa.org/places/364021,Tautamei?
364025,https://pleiades.stoa.org/places/364025,Tritonis? L.
373730,https://pleiades.stoa.org/places/373730,Ampalaontes?
373733,https://pleiades.stoa.org/places/373733,Aptouchou Hieron?
373734,https://pleiades.stoa.org/places/373734,Araraukeles?
373737,https://pleiades.stoa.org/places/373737,Artamis?
373744,https://pleiades.stoa.org/places/373744,Auschisai?
373745,https://pleiades.stoa.org/places/373745,Ausigda?
373748,https://pleiades.stoa.org/places/373748,Bakales?
373774,https://pleiades.stoa.org/places/373774,Chorotus/Noetu?
373821,https://pleiades.stoa.org/places/373821,Gnade?
373824,https://pleiades.stoa.org/places/373824,Hadrianopolis/Kaukalou Kome?
373829,https://pleiades.stoa.org/places/373829,Hydrax?
373838,https://pleiades.stoa.org/places/373838,Lasamices?
373844,https://pleiades.stoa.org/places/373844,Limnias?
373848,https://pleiades.stoa.org/places/373848,Ma(ra)ndis?
373865,https://pleiades.stoa.org/places/373865,Nigize?
373875,https://pleiades.stoa.org/places/373875,Plateia? (island)
373906,https://pleiades.stoa.org/places/373906,Tritonis? Palus
373912,https://pleiades.stoa.org/places/373912,Zau Taberna?
383585,https://pleiades.stoa.org/places/383585,Belounoi?
383590,https://pleiades.stoa.org/places/383590,Betuctelum? (river)
383591,https://pleiades.stoa.org/places/383591,Binbelli?
383641,https://pleiades.stoa.org/places/383641,Epanterii?
383650,https://pleiades.stoa.org/places/383650,Forum Clodi?
383674,https://pleiades.stoa.org/places/383674,Iemerii?
383677,https://pleiades.stoa.org/places/383677,Industria/Bodincomagum?
383696,https://pleiades.stoa.org/places/383696,Licini Forum?
383703,https://pleiades.stoa.org/places/383703,Maielli?
383770,https://pleiades.stoa.org/places/383770,Savo/Vicus Virginis?
383784,https://pleiades.stoa.org/places/383784,Stoeni?
393392,https://pleiades.stoa.org/places/393392,Brinta? (river)
393444,https://pleiades.stoa.org/places/393444,Lavinius? (river)
393505,https://pleiades.stoa.org/places/393505,Togisonus? (river)
403223,https://pleiades.stoa.org/places/403223,Incitaria?
403261,https://pleiades.stoa.org/places/403261,Portus Pisanus?
403269,https://pleiades.stoa.org/places/403269,Salebro?
413053,https://pleiades.stoa.org/places/413053,Batinus? (river)
413089,https://pleiades.stoa.org/places/413089,Clasius? (river)
413110,https://pleiades.stoa.org/places/413110,Cumara? (river)
413168,https://pleiades.stoa.org/places/413168,Helvinus? (river)
413203,https://pleiades.stoa.org/places/413203,Misco? (river)
413305,https://pleiades.stoa.org/places/413305,Sappinates?
413313,https://pleiades.stoa.org/places/413313,Sepernates?
413346,https://pleiades.stoa.org/places/413346,Traianus?
422857,https://pleiades.stoa.org/places/422857,Cabum?
422950,https://pleiades.stoa.org/places/422950,"Temple of Jupiter?, Via Appia"
422997,https://pleiades.stoa.org/places/422997,Pedum?
423024,https://pleiades.stoa.org/places/423024,"Robigo?, T."
423107,https://pleiades.stoa.org/places/423107,Troia?
423121,https://pleiades.stoa.org/places/423121,Vicus Augustanus Laurentium?
426618,https://pleiades.stoa.org/places/426618,Mugilla?
432730,https://pleiades.stoa.org/places/432730,Caedicius? Campus
432737,https://pleiades.stoa.org/places/432737,Callifae?
432823,https://pleiades.stoa.org/places/432823,Eumorfiana? Ins.
432829,https://pleiades.stoa.org/places/432829,Faustianum?
432875,https://pleiades.stoa.org/places/432875,‘Herculis Rani’?
432913,https://pleiades.stoa.org/places/432913,Lucanus? Ager
433001,https://pleiades.stoa.org/places/433001,Pagus Capriculanus?
433028,https://pleiades.stoa.org/places/433028,Pitonia?
433065,https://pleiades.stoa.org/places/433065,Regio Statana?
433077,https://pleiades.stoa.org/places/433077,Saltus Vescinus/Mefineis? M.
433125,https://pleiades.stoa.org/places/433125,Sirpium?
433144,https://pleiades.stoa.org/places/433144,Taurasinus? Ager
433177,https://pleiades.stoa.org/places/433177,Uscosium?
442462,https://pleiades.stoa.org/places/442462,Althainos? (river)
442507,https://pleiades.stoa.org/places/442507,Blera?
442566,https://pleiades.stoa.org/places/442566,Diria?
442584,https://pleiades.stoa.org/places/442584,Forentum?
442599,https://pleiades.stoa.org/places/442599,Gereonium?
442626,https://pleiades.stoa.org/places/442626,Karbinai?
442636,https://pleiades.stoa.org/places/442636,Ligures Corneliani?
442693,https://pleiades.stoa.org/places/442693,Numistro?
442724,https://pleiades.stoa.org/places/442724,Planisium?
442736,https://pleiades.stoa.org/places/442736,Pr(a)etorium Laverianum?
442790,https://pleiades.stoa.org/places/442790,Muro Tenente (Scamnum?)
442794,https://pleiades.stoa.org/places/442794,Sicalenum?/Kalena
442803,https://pleiades.stoa.org/places/442803,Stournoi/Austranum?
442832,https://pleiades.stoa.org/places/442832,Trivici Villa?
442836,https://pleiades.stoa.org/places/442836,Turum?/Thuriae?
442849,https://pleiades.stoa.org/places/442849,Vescellium?
452248,https://pleiades.stoa.org/places/452248,Acheron? (river)
452259,https://pleiades.stoa.org/places/452259,Altanum?
452305,https://pleiades.stoa.org/places/452305,‘Cocinto’?
452320,https://pleiades.stoa.org/places/452320,Decastadium?
452331,https://pleiades.stoa.org/places/452331,Halex? (river)
452348,https://pleiades.stoa.org/places/452348,Kaikinos? (river)
452353,https://pleiades.stoa.org/places/452353,Krimis(s)a?
452361,https://pleiades.stoa.org/places/452361,Laos/Lavinium?
452374,https://pleiades.stoa.org/places/452374,Mamertion?
452390,https://pleiades.stoa.org/places/452390,Nerulum?
452440,https://pleiades.stoa.org/places/452440,Serdaioi?
452456,https://pleiades.stoa.org/places/452456,‘Subsicivo’?
452470,https://pleiades.stoa.org/places/452470,Terina?
452475,https://pleiades.stoa.org/places/452475,Thebae Lucanae?
462073,https://pleiades.stoa.org/places/462073,Monte Adranone (Adranon?)
462104,https://pleiades.stoa.org/places/462104,Assia? (river)
462113,https://pleiades.stoa.org/places/462113,Bidis?
462118,https://pleiades.stoa.org/places/462118,Brikinniai?
462125,https://pleiades.stoa.org/places/462125,Calvisiana?
462156,https://pleiades.stoa.org/places/462156,*Chalae?
462160,https://pleiades.stoa.org/places/462160,Chydas? (river)
462165,https://pleiades.stoa.org/places/462165,Comiciana?
462185,https://pleiades.stoa.org/places/462185,Dianae Fons?
462191,https://pleiades.stoa.org/places/462191,Eknomos?
462203,https://pleiades.stoa.org/places/462203,Euboia?
462231,https://pleiades.stoa.org/places/462231,Helikon? (river)
462239,https://pleiades.stoa.org/places/462239,Herbessos?
462254,https://pleiades.stoa.org/places/462254,Hykkara?
462259,https://pleiades.stoa.org/places/462259,Imachara?
462261,https://pleiades.stoa.org/places/462261,Inykon?
462266,https://pleiades.stoa.org/places/462266,Monte Saraceno di Ravanusa (Kakyron?)
462268,https://pleiades.stoa.org/places/462268,Kaprianon?
462272,https://pleiades.stoa.org/places/462272,Kronion? Oros
462295,https://pleiades.stoa.org/places/462295,Maktorion?
462375,https://pleiades.stoa.org/places/462375,Motyon?
462393,https://pleiades.stoa.org/places/462393,Noai?
462407,https://pleiades.stoa.org/places/462407,Pakonia? (island)
462415,https://pleiades.stoa.org/places/462415,Pelagonia Chora?
462422,https://pleiades.stoa.org/places/462422,Phalarion?
462438,https://pleiades.stoa.org/places/462438,Pirama?
462500,https://pleiades.stoa.org/places/462500,Styella?
462525,https://pleiades.stoa.org/places/462525,Triokala?
471934,https://pleiades.stoa.org/places/471934,Gemellae?
471937,https://pleiades.stoa.org/places/471937,Gouroulis Nea?
471938,https://pleiades.stoa.org/places/471938,Gouroulis Palaia?
471941,https://pleiades.stoa.org/places/471941,Hafa?
471942,https://pleiades.stoa.org/places/471942,Herakleous? Limen
471946,https://pleiades.stoa.org/places/471946,Hieros? (river)
472053,https://pleiades.stoa.org/places/472053,Ammodes Aigialos?
472087,https://pleiades.stoa.org/places/472087,Koumasenoi?
472090,https://pleiades.stoa.org/places/472090,Likninoi?
472092,https://pleiades.stoa.org/places/472092,Lourinon?
472119,https://pleiades.stoa.org/places/472119,Rhion? Akron
481732,https://pleiades.stoa.org/places/481732,Aquae?
481784,https://pleiades.stoa.org/places/481784,Ceramia(e)?
491524,https://pleiades.stoa.org/places/491524,Antigoneia?
491532,https://pleiades.stoa.org/places/491532,Astraia?
491552,https://pleiades.stoa.org/places/491552,Borboros?
501363,https://pleiades.stoa.org/places/501363,Ass(er)a?
501405,https://pleiades.stoa.org/places/501405,Drosike?
501437,https://pleiades.stoa.org/places/501437,Ilissos? (river)
501478,https://pleiades.stoa.org/places/501478,Kossinites? (river)
501514,https://pleiades.stoa.org/places/501514,Melas? (river)
501669,https://pleiades.stoa.org/places/501669,Zygaktes? (river)
507469,https://pleiades.stoa.org/places/507469,Stratoni (Stratonikeia/Stratonike?)
511248,https://pleiades.stoa.org/places/511248,Elaphonnesos? Ins.
511286,https://pleiades.stoa.org/places/511286,Karesene?
511287,https://pleiades.stoa.org/places/511287,Karesos? (river)
511320,https://pleiades.stoa.org/places/511320,Miletouteichos?
511321,https://pleiades.stoa.org/places/511321,‘Mocasura’?
511364,https://pleiades.stoa.org/places/511364,Pithekas? (river)
511456,https://pleiades.stoa.org/places/511456,Tzouroulon/Silta?
520958,https://pleiades.stoa.org/places/520958,Anaplous?/Promotou?
520996,https://pleiades.stoa.org/places/520996,Chrysorrhoas? (river)
521003,https://pleiades.stoa.org/places/521003,Daphne Mainomene?/Nymphaion?
521008,https://pleiades.stoa.org/places/521008,Drepanon? Pr.
521020,https://pleiades.stoa.org/places/521020,Gomon?
521073,https://pleiades.stoa.org/places/521073,‘Licnias’?
521079,https://pleiades.stoa.org/places/521079,Meizon? (river)
521095,https://pleiades.stoa.org/places/521095,Neapolis/Comarodes?
521165,https://pleiades.stoa.org/places/521165,Thermastis Petra?
523217,https://pleiades.stoa.org/places/523217,Auleon? Sinus
523973,https://pleiades.stoa.org/places/523973,Argyropolis/Bytharion?
530799,https://pleiades.stoa.org/places/530799,Anapos? (river)
530812,https://pleiades.stoa.org/places/530812,Artemita? Pr.
530814,https://pleiades.stoa.org/places/530814,Assos?
530819,https://pleiades.stoa.org/places/530819,Berenike?
530833,https://pleiades.stoa.org/places/530833,Cheimerion? (promontory)
530840,https://pleiades.stoa.org/places/530840,Derion?
530842,https://pleiades.stoa.org/places/530842,Dioryktos?
530857,https://pleiades.stoa.org/places/530857,Elaos?
530859,https://pleiades.stoa.org/places/530859,Elat(r)eia?
530873,https://pleiades.stoa.org/places/530873,Euripos?
530874,https://pleiades.stoa.org/places/530874,Euroia?
530875,https://pleiades.stoa.org/places/530875,Eurymenai?
530879,https://pleiades.stoa.org/places/530879,Glykys/Elaias?/Cheimerion? Limen
530887,https://pleiades.stoa.org/places/530887,Helikranon?
530889,https://pleiades.stoa.org/places/530889,Herakleia?
530890,https://pleiades.stoa.org/places/530890,Herakleia?
530898,https://pleiades.stoa.org/places/530898,Ilion?
530941,https://pleiades.stoa.org/places/530941,Kestria?
530963,https://pleiades.stoa.org/places/530963,Kraneia?
530965,https://pleiades.stoa.org/places/530965,Krenai?
530968,https://pleiades.stoa.org/places/530968,Kyathos? (river)
530970,https://pleiades.stoa.org/places/530970,Kynos Kephale? Pr.
530989,https://pleiades.stoa.org/places/530989,Maiandria?
531000,https://pleiades.stoa.org/places/531000,Metropolis? (settlement)
531012,https://pleiades.stoa.org/places/531012,Nerikos?
531039,https://pleiades.stoa.org/places/531039,Pandosia?
531056,https://pleiades.stoa.org/places/531056,Phanota?
531071,https://pleiades.stoa.org/places/531071,Pras?
531094,https://pleiades.stoa.org/places/531094,Sauria?
531113,https://pleiades.stoa.org/places/531113,Taphiae? (islands)
531118,https://pleiades.stoa.org/places/531118,Theudoria?
531126,https://pleiades.stoa.org/places/531126,Torybeia?
531127,https://pleiades.stoa.org/places/531127,Toryne?
540601,https://pleiades.stoa.org/places/540601,Aidepsos? (polis)
540605,https://pleiades.stoa.org/places/540605,Aigilia? (island)
540612,https://pleiades.stoa.org/places/540612,Aiolidai?
540615,https://pleiades.stoa.org/places/540615,Akrai?
540616,https://pleiades.stoa.org/places/540616,Akrai?
540622,https://pleiades.stoa.org/places/540622,Alope?
540623,https://pleiades.stoa.org/places/540623,Alope?
540627,https://pleiades.stoa.org/places/540627,Amphanai?
540641,https://pleiades.stoa.org/places/540641,Antikyra?
540645,https://pleiades.stoa.org/places/540645,Aphetai?
540678,https://pleiades.stoa.org/places/540678,"Athena Itonia?, T."
540683,https://pleiades.stoa.org/places/540683,*Attaleia?
540693,https://pleiades.stoa.org/places/540693,Boukation?
540710,https://pleiades.stoa.org/places/540710,Chersonesos? Pr.
540731,https://pleiades.stoa.org/places/540731,Demetrion?
540732,https://pleiades.stoa.org/places/540732,Diakria?
540734,https://pleiades.stoa.org/places/540734,Dion?
540738,https://pleiades.stoa.org/places/540738,Donakon?
540747,https://pleiades.stoa.org/places/540747,Dystos? L.
540751,https://pleiades.stoa.org/places/540751,Eiteia?
540761,https://pleiades.stoa.org/places/540761,Elymnion?
540772,https://pleiades.stoa.org/places/540772,Erythrai?
540773,https://pleiades.stoa.org/places/540773,Erythrai?
540779,https://pleiades.stoa.org/places/540779,(Eu)Dieron?
540816,https://pleiades.stoa.org/places/540816,Hippotai?
540828,https://pleiades.stoa.org/places/540828,Hypnia?
540842,https://pleiades.stoa.org/places/540842,Iton?
540873,https://pleiades.stoa.org/places/540873,Koila?
540891,https://pleiades.stoa.org/places/540891,Krokyleion?
540903,https://pleiades.stoa.org/places/540903,Laphron?
540925,https://pleiades.stoa.org/places/540925,Makkarai?
540940,https://pleiades.stoa.org/places/540940,Medeon?
540948,https://pleiades.stoa.org/places/540948,Molykreion?
540954,https://pleiades.stoa.org/places/540954,Mylai?
540958,https://pleiades.stoa.org/places/540958,Naryka/Tarphe?
540959,https://pleiades.stoa.org/places/540959,Naulochos?
540969,https://pleiades.stoa.org/places/540969,Oiantheia/Euantheia?
540971,https://pleiades.stoa.org/places/540971,Oichalia?
540975,https://pleiades.stoa.org/places/540975,Oinophyta?
540977,https://pleiades.stoa.org/places/540977,Oion?
540978,https://pleiades.stoa.org/places/540978,Okaleia?
541016,https://pleiades.stoa.org/places/541016,Pedieis?
541020,https://pleiades.stoa.org/places/541020,Pelinna(ion)?
541036,https://pleiades.stoa.org/places/541036,Phalika?
541037,https://pleiades.stoa.org/places/541037,Phalika?
541038,https://pleiades.stoa.org/places/541038,Phaloreia?
541040,https://pleiades.stoa.org/places/541040,Pharai?
541047,https://pleiades.stoa.org/places/541047,Phlygonion?
541049,https://pleiades.stoa.org/places/541049,Phoinix? (river)
541050,https://pleiades.stoa.org/places/541050,Phokai?
541076,https://pleiades.stoa.org/places/541076,Psaphis?
541079,https://pleiades.stoa.org/places/541079,Pylene?
541090,https://pleiades.stoa.org/places/541090,Schedia?
541109,https://pleiades.stoa.org/places/541109,Sosthenis?
541114,https://pleiades.stoa.org/places/541114,Stephon?
541127,https://pleiades.stoa.org/places/541127,Teichion?
541135,https://pleiades.stoa.org/places/541135,Thaumakia?
541148,https://pleiades.stoa.org/places/541148,Tilphosaion?
541156,https://pleiades.stoa.org/places/541156,Trachin?
541158,https://pleiades.stoa.org/places/541158,Trapheia?
550397,https://pleiades.stoa.org/places/550397,(...)aleia?
550413,https://pleiades.stoa.org/places/550413,Agammia? Pr.
550418,https://pleiades.stoa.org/places/550418,Aigeiros?
550423,https://pleiades.stoa.org/places/550423,Aleon? (river)
550451,https://pleiades.stoa.org/places/550451,Argyria?
550464,https://pleiades.stoa.org/places/550464,*Asteeis? (river)
550466,https://pleiades.stoa.org/places/550466,Astyra?
550467,https://pleiades.stoa.org/places/550467,Astyra?/Andeira?
550468,https://pleiades.stoa.org/places/550468,Astyr(i)a?
550473,https://pleiades.stoa.org/places/550473,Attea?
550480,https://pleiades.stoa.org/places/550480,Axos? (river)
550486,https://pleiades.stoa.org/places/550486,Birytis?
550493,https://pleiades.stoa.org/places/550493,Chalkis? (island)
550501,https://pleiades.stoa.org/places/550501,Chryse?
550505,https://pleiades.stoa.org/places/550505,Corynaeum? Pr.
550516,https://pleiades.stoa.org/places/550516,Dios Hieron?
550517,https://pleiades.stoa.org/places/550517,Doroukome?
550532,https://pleiades.stoa.org/places/550532,Epi Peraia?
550536,https://pleiades.stoa.org/places/550536,Erythras?
550546,https://pleiades.stoa.org/places/550546,Gentinos?
550548,https://pleiades.stoa.org/places/550548,Gergitha?
550571,https://pleiades.stoa.org/places/550571,Herakleia/Elateia?
550574,https://pleiades.stoa.org/places/550574,Hermokapeleia/Thyessos?
550601,https://pleiades.stoa.org/places/550601,Iulia Gordos/*Porotta?
550619,https://pleiades.stoa.org/places/550619,Kardamyle?
550621,https://pleiades.stoa.org/places/550621,Karene?
550631,https://pleiades.stoa.org/places/550631,Kaukasa?
550634,https://pleiades.stoa.org/places/550634,Kebren? (river)
550646,https://pleiades.stoa.org/places/550646,Killaios? (river)
550647,https://pleiades.stoa.org/places/550647,Kissos? (river)
550648,https://pleiades.stoa.org/places/550648,Kisthene?
550658,https://pleiades.stoa.org/places/550658,*Kokylion?
550674,https://pleiades.stoa.org/places/550674,Kyllene?/Ascanius Portus?
550675,https://pleiades.stoa.org/places/550675,Kytonion?/Kertonos?
550685,https://pleiades.stoa.org/places/550685,Larisa/Ptolemais?
550688,https://pleiades.stoa.org/places/550688,*Lasnedda?
550704,https://pleiades.stoa.org/places/550704,Lysimachea?
550709,https://pleiades.stoa.org/places/550709,Maionia/*Atetta?
550735,https://pleiades.stoa.org/places/550735,Metaon?
550742,https://pleiades.stoa.org/places/550742,Miletos?
550768,https://pleiades.stoa.org/places/550768,*Nakrason?/Tibbai?
550769,https://pleiades.stoa.org/places/550769,Nape?
550800,https://pleiades.stoa.org/places/550800,Palaiskepsis?
550824,https://pleiades.stoa.org/places/550824,Phoinikous? Sinus
550844,https://pleiades.stoa.org/places/550844,Prepelaion?
550860,https://pleiades.stoa.org/places/550860,Saloe?/Tantali? L.
550863,https://pleiades.stoa.org/places/550863,*Sandaina?
550864,https://pleiades.stoa.org/places/550864,Sandalium? (island)
550867,https://pleiades.stoa.org/places/550867, Sardis/Hyde?
550876,https://pleiades.stoa.org/places/550876,Sidoussa? Ins.
550922,https://pleiades.stoa.org/places/550922,Therma?
550928,https://pleiades.stoa.org/places/550928,Thymbrara/Thybarna?
550931,https://pleiades.stoa.org/places/550931,Tiarai?
570061,https://pleiades.stoa.org/places/570061,Alagonia?
570160,https://pleiades.stoa.org/places/570160,Boukephala? Pr.
570164,https://pleiades.stoa.org/places/570164,Bouphagion?
570170,https://pleiades.stoa.org/places/570170,Chaa?
570211,https://pleiades.stoa.org/places/570211,Elaious?
570227,https://pleiades.stoa.org/places/570227,Ephyra? (island)
570240,https://pleiades.stoa.org/places/570240,Eschatiotis? L.
570241,https://pleiades.stoa.org/places/570241,Eua?
570250,https://pleiades.stoa.org/places/570250,Eutresia?
570256,https://pleiades.stoa.org/places/570256,Gatheatas? (river)
570286,https://pleiades.stoa.org/places/570286,Helos?
570296,https://pleiades.stoa.org/places/570296,Hormina? M.
570334,https://pleiades.stoa.org/places/570334,Karyai?
570335,https://pleiades.stoa.org/places/570335,Karyai?/Iasos?
570445,https://pleiades.stoa.org/places/570445,Lykouria?
570481,https://pleiades.stoa.org/places/570481,Methana/Anthana?
570492,https://pleiades.stoa.org/places/570492,Mylaon? (river)
570494,https://pleiades.stoa.org/places/570494,Myrsinos/Myrtountion?
570506,https://pleiades.stoa.org/places/570506,Neris?
570657,https://pleiades.stoa.org/places/570657,Selemnos? (river)
570664,https://pleiades.stoa.org/places/570664,Selleis? (river)
570694,https://pleiades.stoa.org/places/570694,Strouthos? (promontory)
579852,https://pleiades.stoa.org/places/579852,Aigilia?
579854,https://pleiades.stoa.org/places/579854,Aithalidai/Hybadai?
579862,https://pleiades.stoa.org/places/579862,Amphitrope?
579864,https://pleiades.stoa.org/places/579864,Anakaia?
579890,https://pleiades.stoa.org/places/579890,Azenia?
579892,https://pleiades.stoa.org/places/579892,Bate?
579903,https://pleiades.stoa.org/places/579903,Choma?
579906,https://pleiades.stoa.org/places/579906,Deiradiotai?
579917,https://pleiades.stoa.org/places/579917,Elaious?
579926,https://pleiades.stoa.org/places/579926,Erikeia?
579944,https://pleiades.stoa.org/places/579944,Hekale?
579950,https://pleiades.stoa.org/places/579950,Hestiaia?
579960,https://pleiades.stoa.org/places/579960,Ionidai?
579969,https://pleiades.stoa.org/places/579969,Kedoi?
579978,https://pleiades.stoa.org/places/579978,Kettos?
579979,https://pleiades.stoa.org/places/579979,Kikynna?
579995,https://pleiades.stoa.org/places/579995,Kothokidai?
580038,https://pleiades.stoa.org/places/580038,Oe?
580063,https://pleiades.stoa.org/places/580063,Pelekes?
580078,https://pleiades.stoa.org/places/580078,Phreatto?
580083,https://pleiades.stoa.org/places/580083,Poros?
580104,https://pleiades.stoa.org/places/580104,Semachidai?
580118,https://pleiades.stoa.org/places/580118,Thorai?
589677,https://pleiades.stoa.org/places/589677,*Aina?
589679,https://pleiades.stoa.org/places/589679,Allaria?
589696,https://pleiades.stoa.org/places/589696,Apellonia?
589702,https://pleiades.stoa.org/places/589702,Apollonia?
589703,https://pleiades.stoa.org/places/589703,Apollonia?
589708,https://pleiades.stoa.org/places/589708,Argos?
589709,https://pleiades.stoa.org/places/589709,*Aria?
589727,https://pleiades.stoa.org/places/589727,Bene?
589731,https://pleiades.stoa.org/places/589731,Biennos?
589733,https://pleiades.stoa.org/places/589733,Bionnos?
589752,https://pleiades.stoa.org/places/589752,Dataleis?
589756,https://pleiades.stoa.org/places/589756,Diatonion?
589758,https://pleiades.stoa.org/places/589758,Didymoi? Sinus
589761,https://pleiades.stoa.org/places/589761,Dimastos? (island)
589762,https://pleiades.stoa.org/places/589762,Dion? Pr.
589764,https://pleiades.stoa.org/places/589764,Donakea?
589765,https://pleiades.stoa.org/places/589765,Dragmos?
589776,https://pleiades.stoa.org/places/589776,Ephialteion? Pr.
589781,https://pleiades.stoa.org/places/589781,Eronos?
589783,https://pleiades.stoa.org/places/589783,Eschatia?
589784,https://pleiades.stoa.org/places/589784,Eschatiota?
589800,https://pleiades.stoa.org/places/589800,Harmedon? (island)
589803,https://pleiades.stoa.org/places/589803,Hermaia? Pr.
589804,https://pleiades.stoa.org/places/589804,Hermas? (river)
589806,https://pleiades.stoa.org/places/589806,Heteireia? (island)
589808,https://pleiades.stoa.org/places/589808,Hieron/Arbion? M.
589812,https://pleiades.stoa.org/places/589812,*Hyrtaia?
589818,https://pleiades.stoa.org/places/589818,Ina Chorion?
589843,https://pleiades.stoa.org/places/589843,Karymai? Sinus
589853,https://pleiades.stoa.org/places/589853,Katarraktes? (river)
589856,https://pleiades.stoa.org/places/589856,Katre?
589859,https://pleiades.stoa.org/places/589859,Kaudos?
589863,https://pleiades.stoa.org/places/589863,Keraia?
589864,https://pleiades.stoa.org/places/589864,‘Ketia’? Pr.
589869,https://pleiades.stoa.org/places/589869,Kisamon? Pr.
589871,https://pleiades.stoa.org/places/589871,Kisamos?
589887,https://pleiades.stoa.org/places/589887,Kymaios? (river)
589889,https://pleiades.stoa.org/places/589889,Kytaion?
589893,https://pleiades.stoa.org/places/589893,Lamon?
589911,https://pleiades.stoa.org/places/589911,Libeia? Ins.
589924,https://pleiades.stoa.org/places/589924,Massalia? (river)
589929,https://pleiades.stoa.org/places/589929,Messapos? (river)
589945,https://pleiades.stoa.org/places/589945,Mylantia? Pr.
589947,https://pleiades.stoa.org/places/589947,Myrtilos? Sinus
589953,https://pleiades.stoa.org/places/589953,Naulochos? (island)
589955,https://pleiades.stoa.org/places/589955,Netteia?
589972,https://pleiades.stoa.org/places/589972,Pannona?
589974,https://pleiades.stoa.org/places/589974,Panormos (Crete) / Aulopotamos?
589983,https://pleiades.stoa.org/places/589983,Pelkis?
589984,https://pleiades.stoa.org/places/589984,Pergamos?
589985,https://pleiades.stoa.org/places/589985,*Petra?
589988,https://pleiades.stoa.org/places/589988,Phalanna?
589994,https://pleiades.stoa.org/places/589994,Phoinix?
590000,https://pleiades.stoa.org/places/590000,Polichna?
590009,https://pleiades.stoa.org/places/590009,Pothereus? (river)
590029,https://pleiades.stoa.org/places/590029,Rhittenia?
590042,https://pleiades.stoa.org/places/590042,Sedamnos? (river)
590052,https://pleiades.stoa.org/places/590052,Skyl(l)ion? M.
590057,https://pleiades.stoa.org/places/590057,Sounion? Pr.
590059,https://pleiades.stoa.org/places/590059,*Stalai?
590065,https://pleiades.stoa.org/places/590065,Syrinthos?
590071,https://pleiades.stoa.org/places/590071,Tanos?
590076,https://pleiades.stoa.org/places/590076,Theren? (river)
590082,https://pleiades.stoa.org/places/590082,Tretos? (island)
590100,https://pleiades.stoa.org/places/590100,"Zeus Diktaios, T./Eleia?"
594942,https://pleiades.stoa.org/places/594942,Achaia (region?)
599498,https://pleiades.stoa.org/places/599498,Anydros? (island)
599514,https://pleiades.stoa.org/places/599514,Arethousa?
599529,https://pleiades.stoa.org/places/599529,"Asklepieion, Thesmophorion?, Apollo, T."
599541,https://pleiades.stoa.org/places/599541,"Athena, Zeus?, T."
599590,https://pleiades.stoa.org/places/599590,Dia? (island)
599604,https://pleiades.stoa.org/places/599604,"Eileithyaia, Zeus Hypatos, Aphrodite?, T."
599621,https://pleiades.stoa.org/places/599621,Gaison? (river)
599625,https://pleiades.stoa.org/places/599625,Gerga/Leukai Stelai?
599660,https://pleiades.stoa.org/places/599660,Hymos? (island)
599695,https://pleiades.stoa.org/places/599695,Karyanda/Krousa? (island)
599727,https://pleiades.stoa.org/places/599727,Korsiai?
599735,https://pleiades.stoa.org/places/599735,Kybersos? (river)
599757,https://pleiades.stoa.org/places/599757,Leia? (island)
599762,https://pleiades.stoa.org/places/599762,Lepsimandos? (island)
599779,https://pleiades.stoa.org/places/599779,Maiandros/Maiandroupolis?
599794,https://pleiades.stoa.org/places/599794,Melas?
599820,https://pleiades.stoa.org/places/599820,Naxiakos? Sinus
599838,https://pleiades.stoa.org/places/599838,Onougnathos? Pr.
599854,https://pleiades.stoa.org/places/599854,Pandion? Collis
599886,https://pleiades.stoa.org/places/599886,Phorbia? Pr.
599889,https://pleiades.stoa.org/places/599889,Phyxia?
599899,https://pleiades.stoa.org/places/599899,"Poseidon Phytalmios?, T."
599901,https://pleiades.stoa.org/places/599901,"Poseidon?, T."
599902,https://pleiades.stoa.org/places/599902,"Poseidon?, T."
599905,https://pleiades.stoa.org/places/599905,Priene/‘Lince’?
599941,https://pleiades.stoa.org/places/599941,Skopias? Pr.
599975,https://pleiades.stoa.org/places/599975,Therasia?
600227,https://pleiades.stoa.org/places/600227,Unnamed aqueduct at Ephesus (Aqua Iulia?)
609322,https://pleiades.stoa.org/places/609322,Ariste?
609341,https://pleiades.stoa.org/places/609341,*Beudena?
609377,https://pleiades.stoa.org/places/609377,Eudoxias?
609385,https://pleiades.stoa.org/places/609385,Gallos? (river)
609393,https://pleiades.stoa.org/places/609393,Gordion/Vindia?
609398,https://pleiades.stoa.org/places/609398,Halokome?
609416,https://pleiades.stoa.org/places/609416,Iskome?
609423,https://pleiades.stoa.org/places/609423,Karmeios? (river)
609425,https://pleiades.stoa.org/places/609425,Kastolos? (river)
609435,https://pleiades.stoa.org/places/609435,Klaneos?
609445,https://pleiades.stoa.org/places/609445,Kouara?
609492,https://pleiades.stoa.org/places/609492,Palox?
609518,https://pleiades.stoa.org/places/609518,*Saloudeia?
609530,https://pleiades.stoa.org/places/609530,*Sittena?
609534,https://pleiades.stoa.org/places/609534,Spore?
609543,https://pleiades.stoa.org/places/609543,Tarsis?
609546,https://pleiades.stoa.org/places/609546,*Taza?
609557,https://pleiades.stoa.org/places/609557,Tiberioupolis?
609558,https://pleiades.stoa.org/places/609558,Tolastochora?
609560,https://pleiades.stoa.org/places/609560,Trikomia?
609564,https://pleiades.stoa.org/places/609564,Tyr(i)aion?
609584,https://pleiades.stoa.org/places/609584,"Zeus ek Didymon Dryon?, T."
609585,https://pleiades.stoa.org/places/609585,"Zeus Keraunios? , T."
619178,https://pleiades.stoa.org/places/619178,Kampai?
628944,https://pleiades.stoa.org/places/628944,[Bathys Rhyax]/[Krya Pege]?
628953,https://pleiades.stoa.org/places/628953,Charax?
628958,https://pleiades.stoa.org/places/628958,Coduzalaba/Sabalassos?
628964,https://pleiades.stoa.org/places/628964,Dasmenda?
628972,https://pleiades.stoa.org/places/628972,Euagina/Sebagena?
629075,https://pleiades.stoa.org/places/629075,Sebasteia/Megalopolis?/Talaura?
629076,https://pleiades.stoa.org/places/629076,Sebastopolis/Herakleopolis/Karana?
629079,https://pleiades.stoa.org/places/629079,Sibora/Foroba?
629088,https://pleiades.stoa.org/places/629088,Symposion/In Medio?
629102,https://pleiades.stoa.org/places/629102,Vereuso?
638739,https://pleiades.stoa.org/places/638739,Alina? (island)
638740,https://pleiades.stoa.org/places/638740,Aloanda?
638766,https://pleiades.stoa.org/places/638766,Artemision? Pr.
638775,https://pleiades.stoa.org/places/638775,Asopos? (river)
638781,https://pleiades.stoa.org/places/638781,Aulindenos? L.
638813,https://pleiades.stoa.org/places/638813,Conana/Iustinianopolis?
638819,https://pleiades.stoa.org/places/638819,Damasei?
638833,https://pleiades.stoa.org/places/638833,Eudokias?
638853,https://pleiades.stoa.org/places/638853,Hamaxia?
638866,https://pleiades.stoa.org/places/638866,Idyros?
638867,https://pleiades.stoa.org/places/638867,Idyros? (river)
638895,https://pleiades.stoa.org/places/638895,Kapros? (river)
638900,https://pleiades.stoa.org/places/638900,Karmylessos?
638902,https://pleiades.stoa.org/places/638902,Karpasyanda?
638903,https://pleiades.stoa.org/places/638903,Karysis? (island)
638905,https://pleiades.stoa.org/places/638905,Kastellon?
638911,https://pleiades.stoa.org/places/638911,Kendema?
638914,https://pleiades.stoa.org/places/638914,Keretapa?/Diokaisareia?
638922,https://pleiades.stoa.org/places/638922,Kissidai? Pr.
638936,https://pleiades.stoa.org/places/638936,Kormasa?
638950,https://pleiades.stoa.org/places/638950,Kymaria?
638970,https://pleiades.stoa.org/places/638970,Lyrbe?
638971,https://pleiades.stoa.org/places/638971,*Lyrna?
638972,https://pleiades.stoa.org/places/638972,Lyrnateia? (island)
638985,https://pleiades.stoa.org/places/638985,*Marmara?
638999,https://pleiades.stoa.org/places/638999,*Mokolda?
639004,https://pleiades.stoa.org/places/639004,Myangla?
639022,https://pleiades.stoa.org/places/639022,Orloanda?
639061,https://pleiades.stoa.org/places/639061,Pisilis/Panormos?
639086,https://pleiades.stoa.org/places/639086,Sabandos?
639101,https://pleiades.stoa.org/places/639101,*Sennea?
639107,https://pleiades.stoa.org/places/639107,Siderous Limen/Posidarisous?
639114,https://pleiades.stoa.org/places/639114,*Solyma?
639123,https://pleiades.stoa.org/places/639123,*Syneta?
648547,https://pleiades.stoa.org/places/648547,Ad Fines?
648570,https://pleiades.stoa.org/places/648570,Arima?/Krine?
648577,https://pleiades.stoa.org/places/648577,Augusta/Augustopolis/[Thebae]?
648578,https://pleiades.stoa.org/places/648578,Aulai?
648635,https://pleiades.stoa.org/places/648635,Germanicopolis/Clibanus?
648643,https://pleiades.stoa.org/places/648643,Holmoi/Hermia?
648644,https://pleiades.stoa.org/places/648644,Hyde?
648652,https://pleiades.stoa.org/places/648652,Isaura Vetus/Isauropolis?
648657,https://pleiades.stoa.org/places/648657,Iuliosebaste/Heliosebaste?
648680,https://pleiades.stoa.org/places/648680,Korna?
648707,https://pleiades.stoa.org/places/648707,Meloe?
648715,https://pleiades.stoa.org/places/648715,Myous?/Myanda?
648719,https://pleiades.stoa.org/places/648719,Nauloi?
648720,https://pleiades.stoa.org/places/648720,Nephelis?
648731,https://pleiades.stoa.org/places/648731,Panhormus?/Pylai
648736,https://pleiades.stoa.org/places/648736,Philadelpheia?
648739,https://pleiades.stoa.org/places/648739,Pityoussa/Petrossa? (island)
648749,https://pleiades.stoa.org/places/648749,Pseudokorasion?
648758,https://pleiades.stoa.org/places/648758,Rousoumblada/Zen(on)opolis?
648759,https://pleiades.stoa.org/places/648759,‘Rygmanoi’?
648784,https://pleiades.stoa.org/places/648784,Syke/Setos?
648790,https://pleiades.stoa.org/places/648790,‘Taspa’?
648791,https://pleiades.stoa.org/places/648791,Tetrapyrgia?
648794,https://pleiades.stoa.org/places/648794,Thebasa?
648796,https://pleiades.stoa.org/places/648796,Titioupolis?
648802,https://pleiades.stoa.org/places/648802,Tynna/Dana?
658377,https://pleiades.stoa.org/places/658377,Amphipolis/Tourmeda/Nikatoris?
658379,https://pleiades.stoa.org/places/658379,Anthemusia?
658408,https://pleiades.stoa.org/places/658408,Belus/Chalos? (river)
658437,https://pleiades.stoa.org/places/658437,Chordiraza?/Baisampse?
658503,https://pleiades.stoa.org/places/658503,Karmalas? (river)
658550,https://pleiades.stoa.org/places/658550,Nisibyn/Ad Zociandem?
658558,https://pleiades.stoa.org/places/658558,Omeros?
658572,https://pleiades.stoa.org/places/658572,Pinaros? (river)
658630,https://pleiades.stoa.org/places/658630,Tyba/Deba?
668178,https://pleiades.stoa.org/places/668178,Adada?
668221,https://pleiades.stoa.org/places/668221,*Cara/‘Cehere’/Chonacara?
668233,https://pleiades.stoa.org/places/668233,Cunna?
668300,https://pleiades.stoa.org/places/668300,Lysias?
668303,https://pleiades.stoa.org/places/668303,Makra(s) Pedion?
668309,https://pleiades.stoa.org/places/668309,Marsya?
668310,https://pleiades.stoa.org/places/668310,Marsyas? (river)
668316,https://pleiades.stoa.org/places/668316,Nazerini?
668337,https://pleiades.stoa.org/places/668337,Phaidros? (river)
668349,https://pleiades.stoa.org/places/668349,Rabona?
668364,https://pleiades.stoa.org/places/668364,Seleukobelos?
668369,https://pleiades.stoa.org/places/668369,Seriane?
668371,https://pleiades.stoa.org/places/668371,Sigon?
668372,https://pleiades.stoa.org/places/668372,Simyra?
668373,https://pleiades.stoa.org/places/668373,Sin?
668383,https://pleiades.stoa.org/places/668383,Tell Soukas/Pelleta?
668384,https://pleiades.stoa.org/places/668384,*Telmenissos/Maratomyrton?
668402,https://pleiades.stoa.org/places/668402,"Zacchaeus?, Mon."
677996,https://pleiades.stoa.org/places/677996,‘Ad Ammontem’?
678000,https://pleiades.stoa.org/places/678000,‘Ad Nonum’/Ornithon Polis?
678015,https://pleiades.stoa.org/places/678015,Amathous?
678022,https://pleiades.stoa.org/places/678022,Aphetatha?
678032,https://pleiades.stoa.org/places/678032,Arrana?
678050,https://pleiades.stoa.org/places/678050,Barkousa/Iustinianoupolis?
678072,https://pleiades.stoa.org/places/678072,Bosora?
678078,https://pleiades.stoa.org/places/678078,Burgatha?
678129,https://pleiades.stoa.org/places/678129,Elaia?
678137,https://pleiades.stoa.org/places/678137,Gaba?
678159,https://pleiades.stoa.org/places/678159,Geroda/Korada?
678178,https://pleiades.stoa.org/places/678178,Helenoupolis?
678220,https://pleiades.stoa.org/places/678220,Kana?
678227,https://pleiades.stoa.org/places/678227,Karnaia/Astaroth?
678289,https://pleiades.stoa.org/places/678289,Motha(na)/Motho?
678300,https://pleiades.stoa.org/places/678300,Nea Come?
678305,https://pleiades.stoa.org/places/678305,Nelkomia/Neela?
678316,https://pleiades.stoa.org/places/678316,*Orela?
678336,https://pleiades.stoa.org/places/678336,Platanos?/Platane?
678354,https://pleiades.stoa.org/places/678354,Rachle/Zenopolis?
678371,https://pleiades.stoa.org/places/678371,Samoulis?
687835,https://pleiades.stoa.org/places/687835,Arous?
687860,https://pleiades.stoa.org/places/687860,Betomolachon?
687871,https://pleiades.stoa.org/places/687871,Caphar Zacharia?
687936,https://pleiades.stoa.org/places/687936,Kalgouia?
687949,https://pleiades.stoa.org/places/687949,Kypros/Threx?
687952,https://pleiades.stoa.org/places/687952,Lobana?
687954,https://pleiades.stoa.org/places/687954,Lysa?
687992,https://pleiades.stoa.org/places/687992,Orda?
687996,https://pleiades.stoa.org/places/687996,Pegai/Antipatris/Arethousa?
688020,https://pleiades.stoa.org/places/688020,Saltus Constantinianus?
688022,https://pleiades.stoa.org/places/688022,Sapharea?
688031,https://pleiades.stoa.org/places/688031,Sobila?
688039,https://pleiades.stoa.org/places/688039,Thamara?
697666,https://pleiades.stoa.org/places/697666,Gadda?
707459,https://pleiades.stoa.org/places/707459,Alampria?
707484,https://pleiades.stoa.org/places/707484,Arsinoe?
707485,https://pleiades.stoa.org/places/707485,Arsinoe?/Ammochostos?
707491,https://pleiades.stoa.org/places/707491,Barbaros?/[Aoos]? (river)
707492,https://pleiades.stoa.org/places/707492,Basileus? (river)
707500,https://pleiades.stoa.org/places/707500,Dades? Pr.
707504,https://pleiades.stoa.org/places/707504,Drepanon?
707513,https://pleiades.stoa.org/places/707513,Gy(...)?
707522,https://pleiades.stoa.org/places/707522,Kallinousa? Pr.
707525,https://pleiades.stoa.org/places/707525,Kargaiai? Pr.
707530,https://pleiades.stoa.org/places/707530,Kelliake?
707535,https://pleiades.stoa.org/places/707535,Klarios? (river)
707546,https://pleiades.stoa.org/places/707546,Kornos?
707561,https://pleiades.stoa.org/places/707561,Leukolla?
707563,https://pleiades.stoa.org/places/707563,Limenia?
707579,https://pleiades.stoa.org/places/707579,Melabron?
707589,https://pleiades.stoa.org/places/707589,Noumenion/Hiera et Cepia? (islands)
707593,https://pleiades.stoa.org/places/707593,Olympos?
707609,https://pleiades.stoa.org/places/707609,Philoitos?
707612,https://pleiades.stoa.org/places/707612,Phrourion?/Boosoura? (promontory)
707619,https://pleiades.stoa.org/places/707619,Satrachos? (river)
707624,https://pleiades.stoa.org/places/707624,Soloi/Aipeia?
707630,https://pleiades.stoa.org/places/707630,Tetios? (river)
707632,https://pleiades.stoa.org/places/707632,Thronoi Pr./Akrotirion Pylai?
707633,https://pleiades.stoa.org/places/707633,Thronoi?
707637,https://pleiades.stoa.org/places/707637,Tretous? Pr.
716506,https://pleiades.stoa.org/places/716506,Ainesisphyra? Akron
716523,https://pleiades.stoa.org/places/716523,Aneiritai?
716534,https://pleiades.stoa.org/places/716534,Bassachitai?
716539,https://pleiades.stoa.org/places/716539,Caportis/‘Patrico’?
716550,https://pleiades.stoa.org/places/716550,Drepanon? Akron
716567,https://pleiades.stoa.org/places/716567,Goniatai?
716582,https://pleiades.stoa.org/places/716582,Klimax?
716613,https://pleiades.stoa.org/places/716613,Ogdaimoi?
727092,https://pleiades.stoa.org/places/727092,Bousiritikos? (river)
727100,https://pleiades.stoa.org/places/727100,Chemmites? Nomos
727109,https://pleiades.stoa.org/places/727109,Didymai? (islands)
727153,https://pleiades.stoa.org/places/727153,Mareia?/Philoxenite
727181,https://pleiades.stoa.org/places/727181,Onouphites? Nomos
727221,https://pleiades.stoa.org/places/727221,Schedia/Chaireon/Menelais?
736886,https://pleiades.stoa.org/places/736886,Alilais?
736910,https://pleiades.stoa.org/places/736910,Fenchi?
736929,https://pleiades.stoa.org/places/736929,Ibion Eikosipentarouron?
736937,https://pleiades.stoa.org/places/736937,Kerkethoeris?
736969,https://pleiades.stoa.org/places/736969,Molothis?
736981,https://pleiades.stoa.org/places/736981,Ophis?
736990,https://pleiades.stoa.org/places/736990,Pangouleeiou?
737001,https://pleiades.stoa.org/places/737001,Perkethaut/Philagris?
737052,https://pleiades.stoa.org/places/737052,Sobthis?
737066,https://pleiades.stoa.org/places/737066,Tamais?
737072,https://pleiades.stoa.org/places/737072,Tebtynis/Theodosioupolis?
737079,https://pleiades.stoa.org/places/737079,Terythis?
746721,https://pleiades.stoa.org/places/746721,(B)Ossia/Ad Dianam?
746741,https://pleiades.stoa.org/places/746741,Gypsaria?
746747,https://pleiades.stoa.org/places/746747,Iotabe? (island)
756603,https://pleiades.stoa.org/places/756603,Mouchis?
776159,https://pleiades.stoa.org/places/776159,Baris?
776213,https://pleiades.stoa.org/places/776213,[*Parammon]?
776214,https://pleiades.stoa.org/places/776214,Pege Sykaminia?
786069,https://pleiades.stoa.org/places/786069,Myos Hormos?
786074,https://pleiades.stoa.org/places/786074,Nechesia?
786088,https://pleiades.stoa.org/places/786088,Petemout/Kerameia?
786119,https://pleiades.stoa.org/places/786119,Simiou?
795786,https://pleiades.stoa.org/places/795786,Berenice Panchrysos?
795808,https://pleiades.stoa.org/places/795808,Forum Cambusis?
795813,https://pleiades.stoa.org/places/795813,Gezira Dabarosa/Tamania?
795839,https://pleiades.stoa.org/places/795839,Paptoulis?
795840,https://pleiades.stoa.org/places/795840,Parembole?
795854,https://pleiades.stoa.org/places/795854,Say(e)?
795858,https://pleiades.stoa.org/places/795858,Shablul/Tene?
795862,https://pleiades.stoa.org/places/795862,Simalo?
805629,https://pleiades.stoa.org/places/805629,Megabar(r)i?
805639,https://pleiades.stoa.org/places/805639,Nubaei?
805648,https://pleiades.stoa.org/places/805648,Pnups?
805649,https://pleiades.stoa.org/places/805649,Prummu?/Primii?
805651,https://pleiades.stoa.org/places/805651,Sakole?
805661,https://pleiades.stoa.org/places/805661,Tergendum?
814650,https://pleiades.stoa.org/places/814650,Akra?
814685,https://pleiades.stoa.org/places/814685,Hippos? Oros
814707,https://pleiades.stoa.org/places/814707,Modiana?
814710,https://pleiades.stoa.org/places/814710,al-Muwalih/Modiana?
825408,https://pleiades.stoa.org/places/825408,Totordanes? (river)
834285,https://pleiades.stoa.org/places/834285,Hippika? Ore
844888,https://pleiades.stoa.org/places/844888,Cappadox? (river)
844891,https://pleiades.stoa.org/places/844891,‘Cenon Gallicanon’?
844952,https://pleiades.stoa.org/places/844952,Ikotarion?
844968,https://pleiades.stoa.org/places/844968,Kandara?
844991,https://pleiades.stoa.org/places/844991,Krateia/Flaviopolis/*Agrippeia?
845015,https://pleiades.stoa.org/places/845015,Marsylla/Kallistratia?
845023,https://pleiades.stoa.org/places/845023,Mokata?
845031,https://pleiades.stoa.org/places/845031,Oxinas/Kallichoros? (river)
845079,https://pleiades.stoa.org/places/845079,Thymena/Teuthrania?
845091,https://pleiades.stoa.org/places/845091,Ximene?
857009,https://pleiades.stoa.org/places/857009,Achaious? (river)
857026,https://pleiades.stoa.org/places/857026,Ampreutae?
857031,https://pleiades.stoa.org/places/857031,Anthemus? (river)
857044,https://pleiades.stoa.org/places/857044,Arion? (river)
857070,https://pleiades.stoa.org/places/857070,Bourkas/Borgys? (river)
857109,https://pleiades.stoa.org/places/857109,Doiantos? Pedion
857128,https://pleiades.stoa.org/places/857128,Gadilon/Helega?
857139,https://pleiades.stoa.org/places/857139,Glaukos/Dokonos?/Kyaneos? (river)
857164,https://pleiades.stoa.org/places/857164,Hippos? (river)
857195,https://pleiades.stoa.org/places/857195,Konopeion Limne?
857197,https://pleiades.stoa.org/places/857197,Korax? (river)
857198,https://pleiades.stoa.org/places/857198,Koraxoi?
857236,https://pleiades.stoa.org/places/857236,Moches/Tarsouras?/Thersos?/Kyaneos?/Gyenos? (river)
857246,https://pleiades.stoa.org/places/857246,Nesis? (river)
857279,https://pleiades.stoa.org/places/857279,Phtheirophagoi?
857284,https://pleiades.stoa.org/places/857284,Pleuramis/‘Ptemari’?
857301,https://pleiades.stoa.org/places/857301,Saltiae?
857307,https://pleiades.stoa.org/places/857307,Sauronisena/Saurania?
857308,https://pleiades.stoa.org/places/857308,Schamalinichon?
857312,https://pleiades.stoa.org/places/857312,Sedisca/Solonenica?
857333,https://pleiades.stoa.org/places/857333,Stamene/Ameneia?
857347,https://pleiades.stoa.org/places/857347,Telephis?
874306,https://pleiades.stoa.org/places/874306,Ain Sinu/Zagurae?
874351,https://pleiades.stoa.org/places/874351,Arnay?
874360,https://pleiades.stoa.org/places/874360,*Artales/*Arda?
874403,https://pleiades.stoa.org/places/874403,Birthon/Virta?
874406,https://pleiades.stoa.org/places/874406,Boumelos? (river)
874448,https://pleiades.stoa.org/places/874448,Darucinte/Tareina?/Horonon?
874472,https://pleiades.stoa.org/places/874472,Fesh-Khabur/Peroz-Shapur?
874500,https://pleiades.stoa.org/places/874500,Hariza/Chasira?
874525,https://pleiades.stoa.org/places/874525,Iouliopolis?
874558,https://pleiades.stoa.org/places/874558,Koriaia?/Garine?
874576,https://pleiades.stoa.org/places/874576,Mambre?
874589,https://pleiades.stoa.org/places/874589,Mardoi?
874609,https://pleiades.stoa.org/places/874609,Mosul/‘Mespila’?
874625,https://pleiades.stoa.org/places/874625,Nuarsak?
874647,https://pleiades.stoa.org/places/874647,Phora/‘Phlorianon’?
874678,https://pleiades.stoa.org/places/874678,Sapha/Thilsaphata?
874688,https://pleiades.stoa.org/places/874688,Shadikanni/Ar(a)ban/(H)Oraba?/*Castellum Arabum
874720,https://pleiades.stoa.org/places/874720,Tel Afar/Ad Pontem?
874721,https://pleiades.stoa.org/places/874721,Teleboas? (river)
874729,https://pleiades.stoa.org/places/874729,Tell al-Sadde/Ichnae?
874740,https://pleiades.stoa.org/places/874740,Tell Hamidi/[Ta'idu]?
874744,https://pleiades.stoa.org/places/874744,Tell Hayal/Eleia?/Alaina?
874746,https://pleiades.stoa.org/places/874746,Tell Ibra/Vicat?
874752,https://pleiades.stoa.org/places/874752,Tell Sahlan/[Sahlala]/Commisimbela?
874754,https://pleiades.stoa.org/places/874754,Tell Taban/[Tabite]/Thebet(h)a?
874759,https://pleiades.stoa.org/places/874759,Teroua?
874797,https://pleiades.stoa.org/places/874797,Zarawand?
874801,https://pleiades.stoa.org/places/874801,Ziata/*Inzieta?
884117,https://pleiades.stoa.org/places/884117,Anariakai?
884126,https://pleiades.stoa.org/places/884126,Balarath? (river)
884148,https://pleiades.stoa.org/places/884148,Ganzak?/Gazaca?/Gazae?
884153,https://pleiades.stoa.org/places/884153,Gelai?
884193,https://pleiades.stoa.org/places/884193,Phraaspa?/Phraata?/Vera?
893943,https://pleiades.stoa.org/places/893943,Arzuhin?
893944,https://pleiades.stoa.org/places/893944,Arzuhin?
893945,https://pleiades.stoa.org/places/893945,Ashur/‘Lamban’?/‘Liba(nai)’?
893955,https://pleiades.stoa.org/places/893955,‘Basileia’?/Annoukas?
893962,https://pleiades.stoa.org/places/893962,Bint al-Emir/Daskara?
893974,https://pleiades.stoa.org/places/893974,Circesium/Qarquza/Habora/Phaliga?
893994,https://pleiades.stoa.org/places/893994,Ertaje/(Belesi) Biblada?
894020,https://pleiades.stoa.org/places/894020,Karastel/Artemita?
894026,https://pleiades.stoa.org/places/894026,Kifrin/Bechchouphrein?
894031,https://pleiades.stoa.org/places/894031,La(h)ir?
894051,https://pleiades.stoa.org/places/894051,Neardea?
894059,https://pleiades.stoa.org/places/894059,Pallaconta? (river)
894070,https://pleiades.stoa.org/places/894070,Qasr al-Hayr al-Sharqi/Adada?
894088,https://pleiades.stoa.org/places/894088,Shjara/[al-Sinn?]
894106,https://pleiades.stoa.org/places/894106,Tell Abu Hait/Sangarite?/Sachare?
894132,https://pleiades.stoa.org/places/894132,Tell Fadjami/Qatnu?
894133,https://pleiades.stoa.org/places/894133,Tell Fidain/Appadana?/Neapolis?
894138,https://pleiades.stoa.org/places/894138,Tell Isheiri/Nahrawan?
894139,https://pleiades.stoa.org/places/894139,Tell Ishnayt/Awana?
894150,https://pleiades.stoa.org/places/894150,Tell Miskin/Maskin?
894158,https://pleiades.stoa.org/places/894158,[Terqa]/Asicha?
894165,https://pleiades.stoa.org/places/894165,Tulul al-Shuaila/Skaphe?
894166,https://pleiades.stoa.org/places/894166,Tulul al-Ukhaidhir/[Qasr Muqatil]?
894179,https://pleiades.stoa.org/places/894179,Vologesias?
894184,https://pleiades.stoa.org/places/894184,Zabas Mikros/Kapros?/Zerbis? (river)
894188,https://pleiades.stoa.org/places/894188,Zindan/Dastagird?
902990,https://pleiades.stoa.org/places/902990,Aspadana/(I)Spahan/Gay/Gabai?
903002,https://pleiades.stoa.org/places/903002,Bisutun/Bagistana/Vastan?/Baptana
903004,https://pleiades.stoa.org/places/903004,Caspiae Portae?
903040,https://pleiades.stoa.org/places/903040,Harsin/Eran-asan-kar-Kavad?
903047,https://pleiades.stoa.org/places/903047,Ivan-i Karkheh/Eran-Khurra-(kard-) Shapur?/Karkha de Ladan
903063,https://pleiades.stoa.org/places/903063,Khurmal/Syarazur?/Siasouron?
903064,https://pleiades.stoa.org/places/903064,Khurramabad/Shapur Khwast?
903109,https://pleiades.stoa.org/places/903109,Saimarreh/Eulaeus?/Ula(ya)? (river)
903145,https://pleiades.stoa.org/places/903145,Zagrou Pylai?/Medike Pyle?
912800,https://pleiades.stoa.org/places/912800,[(al-)Hir(t)a]/Ertha?
912810,https://pleiades.stoa.org/places/912810,Arakia? (island)
912826,https://pleiades.stoa.org/places/912826,Chaldaici? L.
912835,https://pleiades.stoa.org/places/912835,Dez/Hithite/Hudhud/Koprates? (river)
912870,https://pleiades.stoa.org/places/912870,Ja Nishin/Soloke?/Seleucia?/Surak?
912871,https://pleiades.stoa.org/places/912871,Jarrahi/Hedyphon? (river)
912872,https://pleiades.stoa.org/places/912872,Jebel Khayabir/Alexandria?/Antiochia?/Spasinou Charax?/Karkh Maisan?/[Astarabad Ardashir]?
912877,https://pleiades.stoa.org/places/912877,Karkheh/Eulaeus?/Ula(ya)? (river)
912899,https://pleiades.stoa.org/places/912899,Maghlub/Forat?/Perat de Meshan?/Bahman Ardashir?/‘Oratha’?/Furat al-Basra?
912918,https://pleiades.stoa.org/places/912918,Pasitigris? (river)
912935,https://pleiades.stoa.org/places/912935,Shaur/Choaspes?/Eulaeus?/Uknu? (river)
912957,https://pleiades.stoa.org/places/912957,Tell Jidr/[Dabrum]?/Karkar?
912992,https://pleiades.stoa.org/places/912992,Zoreh/Or(o)atis? (river)
922620,https://pleiades.stoa.org/places/922620,Band-e Amīr/Tukrash?
922626,https://pleiades.stoa.org/places/922626,Borazjan/Taoke?/[Tawwaj]?
922632,https://pleiades.stoa.org/places/922632,Darreh Gap/Rhogonis? (river)
922645,https://pleiades.stoa.org/places/922645,Firuzi 2/Matezzish?/Humadeshu?/Uvadaichaya?
922657,https://pleiades.stoa.org/places/922657,Helleh/Granis? (river)
922672,https://pleiades.stoa.org/places/922672,Kur/Araxes? (river)
922675,https://pleiades.stoa.org/places/922675,Mand/Sitakos? (river)
922677,https://pleiades.stoa.org/places/922677,Mansurabad East/Rakkan?
922680,https://pleiades.stoa.org/places/922680,Mesambrie?
922697,https://pleiades.stoa.org/places/922697,Persides?/Susidae? Pylae
922701,https://pleiades.stoa.org/places/922701,Pulvar/Araxes? (river)
922706,https://pleiades.stoa.org/places/922706,Qasr-i Abu Nasr/Seraz/Tirazzish?/Shiraz(zish)?
922711,https://pleiades.stoa.org/places/922711,[Rishahr]/Rev Ardashir?/Ionaka?
924877,https://pleiades.stoa.org/places/924877,Heratemis?/Phratemis?/Phrystimus?
932432,https://pleiades.stoa.org/places/932432,Arados/Tylos Minor?/Athrotradus? (island)
932442,https://pleiades.stoa.org/places/932442,Capeus? Sinus
932455,https://pleiades.stoa.org/places/932455,Gerraicus? Sinus
932474,https://pleiades.stoa.org/places/932474,Omana?
932483,https://pleiades.stoa.org/places/932483,Thaj/Gerra?/Carra?
942243,https://pleiades.stoa.org/places/942243,[Akhur]/[Dihistan]?
942246,https://pleiades.stoa.org/places/942246,Atrek/Sideris?/Sarnios? (river)
942248,https://pleiades.stoa.org/places/942248,Babol/Chindrum?/Erindes?/Charinda(s)? (river)
942270,https://pleiades.stoa.org/places/942270,Gumush tepe/[Abaskun]?/Sokanda?
942271,https://pleiades.stoa.org/places/942271,Gurgan/Maziris?/Maxeras? (river)
942276,https://pleiades.stoa.org/places/942276,Hecatompylos?/Komish/[(Shahr-i) Qumis]
942281,https://pleiades.stoa.org/places/942281,[Jurjan]/G(o)urgan?
942283,https://pleiades.stoa.org/places/942283,Kabudan tepe/Varoshag?
942284,https://pleiades.stoa.org/places/942284,Kharabshahr/[Tamis]?/[Tammisha]?
942286,https://pleiades.stoa.org/places/942286,[Khuvar]/Choara/Apameia (Rhagiane)?
942294,https://pleiades.stoa.org/places/942294,Neka/Ridagnus? (river)
942296,https://pleiades.stoa.org/places/942296,Padishkhwar(gar)?/Pressouar?/Harborz M.
942303,https://pleiades.stoa.org/places/942303,Qal'eh Khandan/Zadrakarta?
942321,https://pleiades.stoa.org/places/942321,[Sari(ya)]/Zadrakarta?
952061,https://pleiades.stoa.org/places/952061,Anau tepe/Gathar?
952085,https://pleiades.stoa.org/places/952085,Koine kala/Sirok?
952114,https://pleiades.stoa.org/places/952114,(Z)Apaortenon? M.
961920,https://pleiades.stoa.org/places/961920,Kashaf/Kasp? (river)
961946,https://pleiades.stoa.org/places/961946,Ochos? (river)
971693,https://pleiades.stoa.org/places/971693,Ai Khanoum (Alexandria Oxiana?)
971699,https://pleiades.stoa.org/places/971699,Artamis? (river)
971721,https://pleiades.stoa.org/places/971721,Bubacene?
991322,https://pleiades.stoa.org/places/991322,Britannia II?
22059127,https://pleiades.stoa.org/places/22059127,Fortunatae Insulae? (Madeira Islands)
48637573,https://pleiades.stoa.org/places/48637573,Roman theater at Soloi/Aipeia?
158658817,https://pleiades.stoa.org/places/158658817,Building (house?) at Dura-Europos preceding Synagogue phase 1
176836030,https://pleiades.stoa.org/places/176836030,Lefkandi Heroon(?)
231839930,https://pleiades.stoa.org/places/231839930,Via Campana?
270868200,https://pleiades.stoa.org/places/270868200,Via Aurelia Aeclanensis?
303999556,https://pleiades.stoa.org/places/303999556,Via Portuensis?
356369838,https://pleiades.stoa.org/places/356369838,Qattara?/Karana?
372660434,https://pleiades.stoa.org/places/372660434,Public building (?) area at Halos
499882358,https://pleiades.stoa.org/places/499882358,Via Pompeia?
564394244,https://pleiades.stoa.org/places/564394244,Acropolis?
662928353,https://pleiades.stoa.org/places/662928353,Coccium?
769637720,https://pleiades.stoa.org/places/769637720,Building (house?) preceding Synagogue phase 1
770912717,https://pleiades.stoa.org/places/770912717,Canaria? (island)
818232440,https://pleiades.stoa.org/places/818232440,Lezela?
888638050,https://pleiades.stoa.org/places/888638050,"Building (Temple?) West of The Principia Court (Rooms E7-20, E7-21, E7-22, E7-37, E7-38, E7-39, E7-40)"
925825063,https://pleiades.stoa.org/places/925825063,Sanctuary of Phrontis(?)
