key,term,definition,same_as,uri
abbey,abbey (monastery),"An abbey (monastery) as defined by the Getty Art and Architecture Thesaurus: independent and canonically erected monasteries, ruled by an abbot if occupied by monks and by an abbess if occupied by nuns.",,https://pleiades.stoa.org/vocabularies/place-types/abbey
abbey-church,abbey church,An abbey church as defined by the Getty Art and Architecture Thesaurus: Churches that form the center of an abbey.,,https://pleiades.stoa.org/vocabularies/place-types/abbey-church
acropolis,acropolis,"An acropolis as defined by the Getty Art and Architecture Thesaurus term 300000700: ""The higher and usually fortified sections of ancient Greek cities, typically containing temples and some public buildings and used as places of refuge.""",,https://pleiades.stoa.org/vocabularies/place-types/acropolis
agora,agora,"An agora as defined by the Getty Art and Architecture Thesaurus: In ancient Greek settlements, open spaces used as marketplaces or general public meeting places.",,https://pleiades.stoa.org/vocabularies/place-types/agora
plaza,"agora, forum, plaza (deprecated)","An agora, forum, or other plaza-like civic space.",,https://pleiades.stoa.org/vocabularies/place-types/plaza
altar,altar,"An altar as defined by the Getty Art and Architecture Thesaurus: ""Elevated platforms or constructions upon which religious sacrifice is offered or other religious or spiritual activities carried out. In a Christian church altars are platforms where Eucharistic elements are consecrated, in the ancient tradition of a sacrifice. Includes both indoor small, tablelike fixtures and larger, free-standing, outdoor structures.""",,https://pleiades.stoa.org/vocabularies/place-types/altar
amphitheatre,"amphitheatre, amphitheater","An amphitheater as defined by the Getty Art and Architecture Thesaurus: ""Circular or elliptical structures in which a central performance area is surrounded by rising tiers of seats.""",,https://pleiades.stoa.org/vocabularies/place-types/amphitheatre
anchorage,anchorage,An anchorage as defined by the Getty Art and Architecture Thesaurus: Areas where vessals anchor.,,https://pleiades.stoa.org/vocabularies/place-types/anchorage
aqueduct,aqueduct,,,https://pleiades.stoa.org/vocabularies/place-types/aqueduct
arch,arch,"An arch as defined by the Getty Art and Architecture Thesaurus: Structural elements, typically curved, spanning openings and transmitting vertical loads to either side of the opening; also, structural elements or freestanding structures that resemble arches or act structurally like arches.",,https://pleiades.stoa.org/vocabularies/place-types/arch
archaeological-site,archaeological site,"An archaeological site as defined by the Getty Art and Architecture Thesaurus: Locations where human activities once took place and some form of material evidence has been left behind, particularly sites where evidence of past activity is being or has been investigated using the discipline of archaeology.",,https://pleiades.stoa.org/vocabularies/place-types/archaeological-site
archipelago,"archipelago, island group",Any grouping of islands or an archipelago that are treated as a unit in antiquity or in archaeological analysis.,,https://pleiades.stoa.org/vocabularies/place-types/archipelago
architecturalcomplex,architectural complex,"A group of rooms, spaces, built features or structures that make up an individual architectural unit within a larger building or group of buildings.",,https://pleiades.stoa.org/vocabularies/place-types/architecturalcomplex
archive-repository,archive repository,An archive repository as defined by the Getty Art and Architecture Thesaurus: buildings or rooms for long-term storage or depositing of archives or documents,,https://pleiades.stoa.org/vocabularies/place-types/archive-repository
barracks,barracks,Barracks as defined by the Getty Art and Architecture Thesaurus: Buildings or sets of buildings erected as common living quarters for groups of soldiers or workers.,,https://pleiades.stoa.org/vocabularies/place-types/barracks
basilica,basilica,"A basilica as defined by the Getty Art and Architecture Thesaurus: ""Refers to religious or secular buildings characterized by an oblong plan divided into a nave with two or more side aisles, the former higher and wider than the latter and generally lit by clerestory windows; usually terminated by an apse.""",,https://pleiades.stoa.org/vocabularies/place-types/basilica
bath,"bath, spa",Bath complexes as commonly found in Greek and Roman cities.,,https://pleiades.stoa.org/vocabularies/place-types/bath
battlefield,battlefield,A battlefield as defined by the Getty Art and Architecture Thesaurus: Locations where a hostile meetings of opposing military forces in the course of a war have taken place.,,https://pleiades.stoa.org/vocabularies/place-types/battlefield
bay,bay,"A bay as defined by the Getty Art and Architecture Thesaurus: ""Denotes wide, open, curving indentations of a shoreline, larger than coves and smaller than gulfs.""",,https://pleiades.stoa.org/vocabularies/place-types/bay
bridge,bridge,"A bridge as defined by the Getty Art and Architecture Thesaurus: Structures spanning and providing passage over waterways, topographic depressions, transportation routes, or similar circulation barriers.",,https://pleiades.stoa.org/vocabularies/place-types/bridge
brothel,brothel,A brothel as defined by the Getty Art and Architecture Thesaurus: Buildings designed or maintained as houses of prostitution.,,https://pleiades.stoa.org/vocabularies/place-types/brothel
building,building,"A building as defined in WikiData Q41176: a structure, typically with a roof and walls, standing more or less permanently in one place",,https://pleiades.stoa.org/vocabularies/place-types/building
cairn,cairn,"A cairn as defined by the Getty Art and Architecture Thesaurus term 300006960: ""Ancient landmarks, monuments, memorials, or burial places covered with stones or a large mound of earth, specific to Scotland, Ireland, and Wales"".",,https://pleiades.stoa.org/vocabularies/place-types/cairn
canal,canal,A canal as defined by the Getty Art and Architecture Thesaurus: Artificial navigable waterways.,,https://pleiades.stoa.org/vocabularies/place-types/canal
canyon,canyon,"A canyon (fluvial landform) as defined by the Getty Art and Architecture Thesaurus: Deep, steep-sided land depressions, often having a river at the bottom; common to arid and semi-arid areas. Distinct from ""valleys (landforms),"" which tend to have a flattish landscape rather than high, precipitous slopes. Distinct from ""gorges (landforms),"" which tend to be smaller, narrower, and more rocky.",,https://pleiades.stoa.org/vocabularies/place-types/canyon
cape,"cape, promontory, promuntory","A cape as defined by the Getty Art and Archaeology Thesaurus: ""Land areas, more prominent than a point, projecting into the sea and marking a notable change in coastal direction.""",,https://pleiades.stoa.org/vocabularies/place-types/cape
cascade,cascade,"A cascade as defined by the Getty Art and Architecture Thesaurus: Man-made stepped waterfalls, whether naturalistic or architectural in form.",,https://pleiades.stoa.org/vocabularies/place-types/cascade
castellum,castellum,"A castellum as defined by the Getty Art and Architecture Thesaurus: Small, ancient Roman fortified towns or outposts.",,https://pleiades.stoa.org/vocabularies/place-types/castellum
castle,castle,A castle as defined by the Getty Art and Architecture Thesaurus: Buildings or groups of buildings intended primarily to serve as a fortified residence of a prince or nobleman.,,https://pleiades.stoa.org/vocabularies/place-types/castle
cemetery,"catacomb, cemetery, necropolis",,,https://pleiades.stoa.org/vocabularies/place-types/cemetery
rapid,"cataract, rapid",,,https://pleiades.stoa.org/vocabularies/place-types/rapid
causeway,causeway,,,https://pleiades.stoa.org/vocabularies/place-types/causeway
cave,cave,"A cave as defined by the Getty Art and Architecture Thesaurus: ""Natural openings in the earth large enough for human exploration.""",,https://pleiades.stoa.org/vocabularies/place-types/cave
cenotaph,cenotaph,"A cenotaph as defined by the Getty Art and Architecture Thesaurus: ""Sepulchral monuments erected to a person or persons buried elsewhere.""",,https://pleiades.stoa.org/vocabularies/place-types/cenotaph
centuriation,centuriation,,,https://pleiades.stoa.org/vocabularies/place-types/centuriation
ceramicproduction,ceramic production facility or area,"A ceramic production facility, plant, or area.",,https://pleiades.stoa.org/vocabularies/place-types/ceramicproduction
channel-artificial,channel (artificial),An artificial water channel as defined by the Getty Art and Architecture Thesaurus: Well-defined channels that carry flowing water and that have been artificially constructed.,,https://pleiades.stoa.org/vocabularies/place-types/channel-artificial
church-2,church,"A church building as defined by the Getty Art and Architecture Thesaurus term 300007466: ""Buildings for public Christian worship that are distinguished historically from chapels and oratories, which are buildings that are in some respect private, or not public in the widest sense. Church architecture generally somewhat follows standard models, which vary depending upon the date, location, and characteristics of the congregation.""",,https://pleiades.stoa.org/vocabularies/place-types/church-2
fortified-church,church (fortified),"A fortified church as defined by the Getty Art and Architecture Thesaurus: Churches fortified with strong walls, towers, and bridges.",,https://pleiades.stoa.org/vocabularies/place-types/fortified-church
church,"church, monastery (deprecated)",Deprecated type derived from a Barrington Atlas symbol.,,https://pleiades.stoa.org/vocabularies/place-types/church
circus,circus,"A circus as defined by the Getty Art and Architecture Thesaurus: ""Oblong ancient Roman enclosures that are curved at one end, with tiered seating on three sides, and built for chariot and horse racing.""",,https://pleiades.stoa.org/vocabularies/place-types/circus
cistern,cistern,"A waterproof receptacle for retaining liquids, as described at http://en.wikipedia.org/wiki/Cistern. Equivalent to aat:300052558.",,https://pleiades.stoa.org/vocabularies/place-types/cistern
citadel,citadel,"A citadel as defined by the Getty Art and Architecture Thesaurus: Fortresses commanding cities or towns, serving to protect and control the inhabitants.",,https://pleiades.stoa.org/vocabularies/place-types/citadel
city-block,city block,"A city block as defined by the Getty Art and Architecture Thesaurus: Pieces of land within urban areas usually bounded on all sides by streets or other transportation routes, natural physical barriers, or public open space and not traversed by through streets.",,https://pleiades.stoa.org/vocabularies/place-types/city-block
city-center,city center,"A city center as defined in Wikidata Q1468524: commercial, cultural and often the historical, political and geographic heart of a city",,https://pleiades.stoa.org/vocabularies/place-types/city-center
coast,"coast, shore","A coast as defined by the GeoNames Ontology: ""a zone of variable width straddling the shoreline""",,https://pleiades.stoa.org/vocabularies/place-types/coast
coastal-change,coastal change,,,https://pleiades.stoa.org/vocabularies/place-types/coastal-change
cultural-landscape,cultural landscape,"A culture landscape as defined by the Getty Art and Architecture Thesaurus: a land or water area significantly altered or modified by human actions; used in contrast to ""natural landscapes,"" that designate areas where human effects, if present, are not ecologically significant to the regions as a whole.",,https://pleiades.stoa.org/vocabularies/place-types/cultural-landscape
dam,"dam, dike, levee",,,https://pleiades.stoa.org/vocabularies/place-types/dam
delta,delta,"A delta as defined by the Getty Art and Architecture Thesaurus: Alluvial deposits at the mouths of rivers commonly forming nearly flat, fan-shaped plains of considerable area traversed by many separate branches of water.",,https://pleiades.stoa.org/vocabularies/place-types/delta
deme-attic,deme (Athenian),An administrative unit of the ancient Athenian state as defined in Wikidata Q672490.,,https://pleiades.stoa.org/vocabularies/place-types/deme-attic
desert,desert,A desert is a barren area of land where little precipitation occurs and consequently living conditions are hostile for plant and animal life. As defined at https://en.wikipedia.org/wiki/Desert,,https://pleiades.stoa.org/vocabularies/place-types/desert
diocese-church,diocese (church),A diocese as defined by the Getty Art and Architecture Thesaurus: Administrative divisions of church government under the authority of a bishop.,,https://pleiades.stoa.org/vocabularies/place-types/diocese-church
diocese-roman,diocese (later Roman Empire),Administrative districts of the Roman Empire introduced under the emperor Diocletian.,,https://pleiades.stoa.org/vocabularies/place-types/diocese-roman
district,district,"A district as defined by the Getty Art and Architecture Thesaurus: territorial divisions as for administrative or electoral purposes, or settlement areas with distinguishing characteristics.",,https://pleiades.stoa.org/vocabularies/place-types/district
ditch,ditch,"A ditch as defined by the Getty Art and Architecture Thesaurus: ""Long narrow excavations, usually with sloping sides, dug in the earth for defense, drainage, or irrigation.""",,https://pleiades.stoa.org/vocabularies/place-types/ditch
earthwork,earthwork,An earthwork.,,https://pleiades.stoa.org/vocabularies/place-types/earthwork
ekklesiasterion,ekklesiasterion,A type of Greek building used for public assemblies.,,https://pleiades.stoa.org/vocabularies/place-types/ekklesiasterion
escarpment,escarpment,"An escarpment as defined by the Getty Art and Architecture Thesaurus: Steep slopes in front of fortifications. Also, long, steep cliffs or slopes resulting from erosion, and which separate two comparatively level surfaces.",,https://pleiades.stoa.org/vocabularies/place-types/escarpment
estate,estate,,,https://pleiades.stoa.org/vocabularies/place-types/estate
estuary,estuary,An estuary as defined by the Getty Art and Architecture Thesaurus: Category of marine body of water comprising areas where freshwater streams or rivers merge with the ocean.,,https://pleiades.stoa.org/vocabularies/place-types/estuary
false,false place,"A putative place, now rejected, that originally resulted from ancient scribal error, research mistake, or erroneous modern scholarship. Not to be confused with fictional places.",,https://pleiades.stoa.org/vocabularies/place-types/false
farm,farm,A farm as defined by the Getty Art and Architecture Thesaurus: Complexes where plants or animals are raised for livelihood or commerce.,,https://pleiades.stoa.org/vocabularies/place-types/farm
fiction,fictional place,A demonstrably non-existent place invented or perpetuated by ancient sources.,,https://pleiades.stoa.org/vocabularies/place-types/fiction
field,field,"A field as defined by the Getty Art and Architecture Thesaurus: ""Open land as opposed to woodland or land occupied by buildings""",,https://pleiades.stoa.org/vocabularies/place-types/field
findspot,"findspot, place of finding, find place","A find place as defined by the Getty Art and Architecture Thesaurus: ""In archaeology and related disciplines, the location where an object, artifact, or another thing or things were found.""",,https://pleiades.stoa.org/vocabularies/place-types/findspot
fishpond,fishpond(s),"A fishpond or system of fishponds as defined in Wikidata: body of standing water, man-made and non perennial, used for pisciculture.",,https://pleiades.stoa.org/vocabularies/place-types/fishpond
forest,forest,,,https://pleiades.stoa.org/vocabularies/place-types/forest
fort-2,fort,"A fort as defined by the Getty Art and Architecture Thesaurus: Permanent fortifications for troops, often surrounded by such elements as ditches, parapets, and ramparts and often used as advance posts in or near hostile territory.",,https://pleiades.stoa.org/vocabularies/place-types/fort-2
fort-group,fort group,,,https://pleiades.stoa.org/vocabularies/place-types/fort-group
fort,"fort, tower (deprecated)",,,https://pleiades.stoa.org/vocabularies/place-types/fort
fortlet,fortlet,"A fortlet as defined by the Getty Art and Architecture Thesaurus: Small or rudimentary forts, especially in the Roman period.",,https://pleiades.stoa.org/vocabularies/place-types/fortlet
forum,forum,"A forum as defined by the Getty Art and Architecture Thesaurus: In ancient Roman settlements, open spaces used as marketplaces or general public meeting places and places for judicial and public business.",,https://pleiades.stoa.org/vocabularies/place-types/forum
fountain,fountain,"An architectural feature that furnishes water for drinking, washing or aesthetic display into a built basin of some kind.",,https://pleiades.stoa.org/vocabularies/place-types/fountain
frontier-system-limes,"frontier system, limes","A border defensive system, as described at http://en.wikipedia.org/wiki/Limes",,https://pleiades.stoa.org/vocabularies/place-types/frontier-system-limes
garden-hortus,"garden, hortus","A garden is a planned space, usually outdoors, set aside for the display, cultivation, and enjoyment of plants and other forms of nature, as described at https://en.wikipedia.org/?title=Garden",,https://pleiades.stoa.org/vocabularies/place-types/garden-hortus
city-gate,"gate (of a city), city gate",,,https://pleiades.stoa.org/vocabularies/place-types/city-gate
gateway,gateway,"A gateway as defined by the Getty Art and Architecture Thesaurus: Passages through fences or walls separating two exterior spaces, or the structures or ornamental constructions enclosing such passages",,https://pleiades.stoa.org/vocabularies/place-types/gateway
gorge,gorge,"A gorge (landform) as defined by the Getty Art and Architecture Thesaurus: Deep, rocky land depressions with steep sides, larger than ravines, with a river or stream at the bottom; distinct from ""canyons,"" which tend to be larger and less rocky.",,https://pleiades.stoa.org/vocabularies/place-types/gorge
grama,grama/gama,A village/hamlet (Sanskrit and prakrits),,https://pleiades.stoa.org/vocabularies/place-types/grama
grove,grove,"A grove as defined by the Getty Art and Architecture Thesaurus: ""Groups of trees, often of a single species, smaller than forests in extent, growing naturally or planted in formation, and generally with little or no undergrowth.""",,https://pleiades.stoa.org/vocabularies/place-types/grove
gulf,gulf,"A gulf as defined by the Getty Art and Architecture Thesaurus: ""Large inlets of the sea, usually more enclosed and more deeply indented than bays.""",,https://pleiades.stoa.org/vocabularies/place-types/gulf
gymnasium,"gymnasium, gymnasion","A gymnasium as defined by the Getty Art and Architecture Thesaurus term 300007297: Buildings designed and equipped for indoor, or, in antiquity, indoor and outdoor, sports, exercise, or physical education and training and usually including changing rooms and bath or shower facilites; in ancient Greece, often combined with educational facilities; generally larger than ""palaestrae.""",,https://pleiades.stoa.org/vocabularies/place-types/gymnasium
harbor,harbor,A harbor as defined by the Getty Art and Architecture Thesaurus: Well-sheltered inlets of water affording protection from wind and sea and sufficient depth to allow anchorage for vessels.,,https://pleiades.stoa.org/vocabularies/place-types/harbor
hill,hill,"A hill as defined by the Getty Art and Architecture Thesaurus: ""Elevation of earth's surface, smaller than a mountain.""",,https://pleiades.stoa.org/vocabularies/place-types/hill
hillfort,hillfort,A hillfort as defined by the Getty Art and Architecture Thesaurus: Defensive enclosures comprised of ramparts and ditches encircling a fortified structure on a central prominence; common in Bronze Age and Iron Age Europe.,,https://pleiades.stoa.org/vocabularies/place-types/hillfort
house,house,"A house as defined by the Getty Art and Architecture Thesaurus: ""Individual dwellings designed to be occupied by a single tenant or family. May also refer to a building for human occupation, for some purpose other than that of an ordinary dwelling.""",,https://pleiades.stoa.org/vocabularies/place-types/house
hunting-base,hunting base,A hunting base as defined by the Getty Art and Architecture Thesaurus: Operational centers of any size used for activities surrounding hunting,,https://pleiades.stoa.org/vocabularies/place-types/hunting-base
island,island,"An island as defined by the Getty Art and Architecture Thesaurus: ""Landforms smaller than a continent, completely surrounded by water at high water. Islands appear in oceans, seas, lakes, or rivers.""",,https://pleiades.stoa.org/vocabularies/place-types/island
isthmus,isthmus,a narrow strip of land connecting two larger land areas.,,https://pleiades.stoa.org/vocabularies/place-types/isthmus
kingdom,kingdom,"A kingdom as defined by the Getty Art and Architecture Thesaurus: ""Administrative bodies subject to a king or queen.""",,https://pleiades.stoa.org/vocabularies/place-types/kingdom
lagoon,lagoon,A lagoon is a shallow body of water separated from a larger body of water by barrier islands or reefs.,,https://pleiades.stoa.org/vocabularies/place-types/lagoon
lake,lake,"Lake or Lacus (Latin), abbreviated: L. As defined by the Getty Art and Architecture Thesaurus: ""Bodies of fresh or salt water surrounded by land.""",,https://pleiades.stoa.org/vocabularies/place-types/lake
landmark,landmark,"A landmark as defined by the Getty Art and Architecture Thesaurus: ""Conspicuous monuments, fixed objects, or markers that serve as guides in the direction of one's course, characterize a neighborhood, or establish the location of land boundaries or property.""",,https://pleiades.stoa.org/vocabularies/place-types/landmark
league,"league, organization, association","A league/organization/association as defined by the Getty Art and Architecture Thesaurus: Collections of people, groups, or nations that join for mutual protection or cooperation, or for another purpose.",,https://pleiades.stoa.org/vocabularies/place-types/league
lesche,lesche,"A lesche as defined in Wikidata: ""ancient Greek council house or clubhouse""",,https://pleiades.stoa.org/vocabularies/place-types/lesche
lighthouse,lighthouse,"A lighthouse as defined by the Getty Art and Architecture Thesaurus: Towers or other structures equipped with a powerful light or lights (originally a signal fire) at the top, erected at important or dangerous points on or near the coast for the guidance of mariners.",,https://pleiades.stoa.org/vocabularies/place-types/lighthouse
lime-kiln,lime kiln,"A lime kiln as defined by the Getty Art and Architecture Thesaurus: Furnace-type apparatus, usually long, tilted cylinders, that are slowly rotated; used to heat calcium carbonate above 900 degrees centigrade to produce lime.",,https://pleiades.stoa.org/vocabularies/place-types/lime-kiln
macellum,macellum,A macellum as defined by the Getty Art and Architecture Thesaurus: Designates ancient Roman meat markets; may also be used more generally for ancient Roman food markets.,,https://pleiades.stoa.org/vocabularies/place-types/macellum
label,map label location,"For locations: position or extent of a label placed on a map e.g., for a region, people, or province",,https://pleiades.stoa.org/vocabularies/place-types/label
meadow,meadow,"A meadow as defined by the Getty Art and Architecture Thesaurus: ""Large open tracts of grassland, sometimes used for pasture.""",,https://pleiades.stoa.org/vocabularies/place-types/meadow
metalworking,metalworking facility,"A metalworking facility, plant, or area as defined by the Getty Art and Architecture Thesaurus: Structures comprising the buildings, machinery, apparatus, and fixtures required to shape or process metal into products on an industrial level.",,https://pleiades.stoa.org/vocabularies/place-types/metalworking
milestone,milestone,"A milestone as defined by the Getty Art and Architecture Thesaurus: Stones, slabs, or pillars of any material, set by the side of a road to mark distances between one point and another; most often distances between cities.",,https://pleiades.stoa.org/vocabularies/place-types/milestone
military-base,military base,A military base as defined by the Getty Art and Architecture Thesaurus.,,https://pleiades.stoa.org/vocabularies/place-types/military-base
military-installation-or-camp-temporary,"military installation or camp, temporary",,,https://pleiades.stoa.org/vocabularies/place-types/military-installation-or-camp-temporary
mine-2,mine,"A mine as defined by the Getty Art and Architecture Thesaurus: Excavation or systems of excavations, including pits or tunnels, made underground for the extraction of metals, metallic ores, coal, salt, precious stones, building stone, clay, or another substance, or an open-air excavation for the extraction of such substances.",,https://pleiades.stoa.org/vocabularies/place-types/mine-2
mine,"mine, quarry (deprecated)",Deprecated type derived from a Barrington Atlas symbol.,,https://pleiades.stoa.org/vocabularies/place-types/mine
monastery,monastery,"A monastery as defined by the Getty Art and Architecture Thesaurus: Built complexes for religious retirement or seclusion from the world for monks, who are people living a celibate life according to the rule of a particular religious order and adhering to vows, especially of poverty, chastity, and obedience.",,https://pleiades.stoa.org/vocabularies/place-types/monastery
monument,monument,"A monument as defined by the Getty Art and Architecture Thesaurus term 300006958: ""Structures or edifices of importance or historical interest, typically erected in memory of the dead or of an important event.""",,https://pleiades.stoa.org/vocabularies/place-types/monument
mosque,mosque,,,https://pleiades.stoa.org/vocabularies/place-types/mosque
mound,mound,"A mound as defined by the Getty Art and Architecture Thesaurus: "" Piles of earth heaped up for landmarks, monuments, or as bases for other structures.""",,https://pleiades.stoa.org/vocabularies/place-types/mound
mountain,mountain,"A mountain as defined by the Getty Art and Architecture Thesaurus: Prominent landforms rising considerably above the surrounding area, typically having steep slopes, a sharp summit area, and large mass. Mountains rarely occur individually, and in most cases, are found in ranges, chains, or systems.",,https://pleiades.stoa.org/vocabularies/place-types/mountain
nome-gr,nome (greek/roman),Administrative regions of ancient Egypt as employed during the periods of Ptolemaic and Roman rule.,,https://pleiades.stoa.org/vocabularies/place-types/nome-gr
nome-egyptian,nome (pharaonic),Regions of ancient Egypt introduced during the Old Kingdom.,,https://pleiades.stoa.org/vocabularies/place-types/nome-egyptian
nuraghe,nuraghe,"A nuraghe as defined by the Getty Art and Architecture Thesaurus term 300004838: ""Ancient Sardinian towerlike structures, dating from the Bronze and Iron Ages; generally associated with villages, built on hilltops, and having tapering sides and corbel-vaulted interior spaces. Many are large, but others are small. The purpose and function of the structures are not entirely understood; among the possible uses are location markers, religious temples, rulers' residences, military strongholds, or meeting halls.""",,https://pleiades.stoa.org/vocabularies/place-types/nuraghe
oasis,oasis,,,https://pleiades.stoa.org/vocabularies/place-types/oasis
odeon,odeon,An odeon as defined by the Getty Art and Architecture Thesaurus: Buildings or other roofed structures used for musical performances.,,https://pleiades.stoa.org/vocabularies/place-types/odeon
pagus,pagus,"A rural district in the Roman world including scattered hamlets or villages that can be referred to as vici. Alternatively, pagus can be construed as a fortified center in such a district.",,https://pleiades.stoa.org/vocabularies/place-types/pagus
palace,palace,"A palace as defined by the Getty Art and Architecture Thesaurus: Official residences, frequently large and impressively appointed, of sovereigns or other high dignitaries",,https://pleiades.stoa.org/vocabularies/place-types/palace
palace-complex,palace complex,A palace complex as defined by the Getty Art and Architecture Thesaurus: Complexes of built works surrounding the palace or palaces of a ruler,,https://pleiades.stoa.org/vocabularies/place-types/palace-complex
palaestra,palaestra,"A palaestra as defined by the Getty Art and Architecture Thesaurus: ""Ancient Greek or Roman buildings for training in wrestling or other athletic endeavors. Palaestrae were often part of public gymnasia, although some functioned independently. The floorplan of palaestrae was standardized, usually comprising a rectangular court surrounded by colonnades with adjoining rooms devoted to activities such as undressing, bathing, socializing, observation, instruction, and storage.""",,https://pleiades.stoa.org/vocabularies/place-types/palaestra
palaistra,palaistra,"A square or rectangular court, usually surrounded by colonnades, that formed part of a Greek-style athletic complex.",,https://pleiades.stoa.org/vocabularies/place-types/palaistra
paradise-garden,"paradise garden, park","A paradise garden as defined by the Getty Art and Architecture Thesaurus: ""Gardens often provided with shade, flowing water, pavilions, and elaborate plantings for private enjoyment; common in Islamic countries.""",,https://pleiades.stoa.org/vocabularies/place-types/paradise-garden
pass,"pass, ""gates"" (landform)",A pass as defined by the Getty Art and Architecture Thesaurus: Refers to narrow routes through or gaps in mountain ranges allowing passage across.,,https://pleiades.stoa.org/vocabularies/place-types/pass
peninsula,peninsula,"A peninsula as defined by the Getty Art and Architecture Thesaurus: ""Landforms surrounded by water on three sides, not completey independent from the mainland.""",,https://pleiades.stoa.org/vocabularies/place-types/peninsula
people,"people, tribe (historical cultural group)","A historical cultural group as defined by the Getty Art and Architecture Thesaurus: Societies or groups of people who once existed and were characterized by common ideas, customs, or social behavior within a particular nation or people and period.",,https://pleiades.stoa.org/vocabularies/place-types/people
piscina-roman,"piscina (pool, Roman)","A Roman piscina as defined by the Getty Art and Architecture Thesaurus: ""A reservoir of water used as a swimming pool or fish pond inside a Roman home or public bath.""",,https://pleiades.stoa.org/vocabularies/place-types/piscina-roman
pit,pit,"A pit as defined by the Getty Art and Architecture Thesaurus: Cavities in the earth, usually not below ground water level, that are shallow in proportion to their width and generally created for materials extraction or burial.",,https://pleiades.stoa.org/vocabularies/place-types/pit
place,place (distinct area),"A place as defined by the Getty Art and Architecture Thesaurus: ""A space or area within the lived world of daily experience, perceived as distinct and unified, and possessing emotional, purposive, and social connotations along with physical features and characteristics.""",,https://pleiades.stoa.org/vocabularies/place-types/place
plain,plain,"A plain as defined by the Getty Art and Architecture Thesaurus: ""Extensive areas of land having few inequalities of surface, being usually fairly flat and at low elevation.""",,https://pleiades.stoa.org/vocabularies/place-types/plain
plateau,plateau,"an area of relatively level high ground, as described at https://en.wikipedia.org/wiki/Plateau.",,https://pleiades.stoa.org/vocabularies/place-types/plateau
platform,platform,"A platform as defined by the Getty Art and Architecture Thesaurus: Flat surfaces, blocks, or floors, generally raised above the adjoining floor",,https://pleiades.stoa.org/vocabularies/place-types/platform
polis,polis,A polis as defined by the Getty Art and Architecture Thesaurus: An ancient Greek city state.,,https://pleiades.stoa.org/vocabularies/place-types/polis
port,port,,,https://pleiades.stoa.org/vocabularies/place-types/port
portico,portico,"A portico as defined by the Getty Art and Architecture Thesaurus: ""Roofed porchlike spaces, open along at least one side and usually associated with an entrance, supported by columns and often surmounted by a pediment; porticoes may project from the main building mass or be recessed in it.""",,https://pleiades.stoa.org/vocabularies/place-types/portico
postern,postern,"A postern as defined by the Getty Art and Architecture Thesaurus: Secondary, and often inconspicuous back doors or gates, especially to fortified or walled enclosures; may also be used for minor, private or side entrances.",,https://pleiades.stoa.org/vocabularies/place-types/postern
priory,priory,"A priory as defined by the Getty Art and Architecture Thesaurus: independent and canonically erected monasteries, ruled by an abbot if occupied by monks and by an abbess if occupied by nuns.",,https://pleiades.stoa.org/vocabularies/place-types/priory
production,"production center (manufacturing, fishing)",,,https://pleiades.stoa.org/vocabularies/place-types/production
province-2,province,"A province as defined by the Getty Art and Architecture Thesaurus: The constituent political and administrative divisions within various sovereign states, including historic ones such as the Roman Empire and modern nations under a federal system such as Canada and Spain.",,https://pleiades.stoa.org/vocabularies/place-types/province-2
province,"province, diocese, nome (deprecated)",An administrative region,,https://pleiades.stoa.org/vocabularies/place-types/province
prytaneion,prytaneion,"A prytaneion as defined by the Getty Art and Architecture Thesaurus: ""Public halls in ancient Greek cities where the sacred hearth and official headquarters of the city administration were housed and where official guests were entertained.""",,https://pleiades.stoa.org/vocabularies/place-types/prytaneion
pyramid,pyramid,"A pyramid as defined by the Getty Art and Architecture Thesaurus term 300004838: ""Monumental structures with a square or triangular base and inclined triangular sides, usually meeting at a point. The most famous pyramids are those used as mausolea in ancient Egypt; they were focal points of much larger funerary complexes. However, pyramids, usually with flat tops, are also found in Central America, where they were used as platforms for altars or temples, occasionally also covering the burial chamber of a ruler.""",,https://pleiades.stoa.org/vocabularies/place-types/pyramid
quarry,quarry,A quarry as defined by the Getty Art and Architecture Thesaurus: Open-air excavations from which stone for building or other purposes is or has been obtained by cutting or blasting.,,https://pleiades.stoa.org/vocabularies/place-types/quarry
reef,reef,"A reef as defined by the Getty Art and Architecture Thesaurus: Ranges of rock, coral, or sand with their surface at or just above the low tide mark.",,https://pleiades.stoa.org/vocabularies/place-types/reef
regio-augusti,regio (Augustan region of Italia),Geographic district of Italia as defined by the Roman emperor Augustus.,,https://pleiades.stoa.org/vocabularies/place-types/regio-augusti
region,region,"A historical region as defined by the Getty Art and Architecture Thesaurus: ""Areas that were bound in the past by culture, economics, topography, or another characteristic, and that have historical importance.""",,https://pleiades.stoa.org/vocabularies/place-types/region
reservoir,"reservoir, hafir",,,https://pleiades.stoa.org/vocabularies/place-types/reservoir
ridge,ridge,A ridge as defined by the Getty Art and Architecture Thesaurus: Ridges are elongated strips of elevated ground that may be either on dry land or underwater.,,https://pleiades.stoa.org/vocabularies/place-types/ridge
mouth,river mouth,A river mouth as defined by the Getty Art and Architecture Thesaurus: Points where rivers open into larger bodies of water.,,https://pleiades.stoa.org/vocabularies/place-types/mouth
river,"river, drainage","A river as defined by the Getty Art and Architecture Thesaurus: ""Bodies of water flowing in direct course or a series of divergents or converging channels.""",,https://pleiades.stoa.org/vocabularies/place-types/river
road,road,"A road as defined by the Getty Art and Architecture Thesaurus: ""General term referring to all long outdoor passages used by and generally created by humans, intended to allow people to pass between different places, usually one wide enough to admit of the passage of wheeled vehicles, horses, or travellers on foot.""",,https://pleiades.stoa.org/vocabularies/place-types/road
room,room (interior),"A room (interior space) as defined by the Getty Art and Architecture Thesaurus: Refers to the interior portions of buildings or other structures fully separated and divided off from the other portions by a floor, ceiling, and walls or partitions.",,https://pleiades.stoa.org/vocabularies/place-types/room
route,route,"A route as defined by the Getty Art and Architecture Thesaurus: ""Generally, a travelled way or course, from one place to another, whether terrestrial or on water.""",,https://pleiades.stoa.org/vocabularies/place-types/route
ruin,ruin,A ruin as defined by the Getty Art and Architecture Thesaurus: The remains of buildings or groups of buildings that have been destroyed or are in a state of great disrepair or decay.,,https://pleiades.stoa.org/vocabularies/place-types/ruin
salt-pan-salina,"salt pans, salinae","Salt evaporation ponds, also called salterns or salt pans, are shallow artificial ponds designed to extract salts from sea water or other brines, as described at http://en.wikipedia.org/wiki/Salt_evaporation_pond",,https://pleiades.stoa.org/vocabularies/place-types/salt-pan-salina
salt-marsh,salt-marsh,,,https://pleiades.stoa.org/vocabularies/place-types/salt-marsh
sanctuary,sanctuary (religious center),"A sanctuary as defined by the Getty Art and Architecture Thesaurus term 300391482: ""Centers or sites having religious sanctuaries as a primary focus.""",,https://pleiades.stoa.org/vocabularies/place-types/sanctuary
satrapy,satrapy,A satrapy as defined by the Getty Art and Architecture Thesaurus: An administrative division of the Persian empire under the Achaemenid and later administrations.,,https://pleiades.stoa.org/vocabularies/place-types/satrapy
settlement,settlement,"Equivalent to ""inhabited place"" as defined by the Getty Art and Architecture Thesaurus: General term for places or areas occupied, modified, or planned to be inhabited by communities of human populations and that contain enough societal functions to be relatively self-sufficient. They are characterized by inhabitants living in neighboring sets of living quarters and by the place having a proper name or a locally recognized status.",,https://pleiades.stoa.org/vocabularies/place-types/settlement
fortified-settlement,settlement (fortified),"A fortified settlement as defined by the Getty Art and Architecture Thesaurus: Settlements of any kind with defensive structures such as moats, enclosures, or ramparts.",,https://pleiades.stoa.org/vocabularies/place-types/fortified-settlement
settlement-modern,settlement-modern,,,https://pleiades.stoa.org/vocabularies/place-types/settlement-modern
sewer,sewer,A sewer as defined by the Getty Art and Architecture Thesaurus: Underground conduits for carrying away waste and storm water.,,https://pleiades.stoa.org/vocabularies/place-types/sewer
shipshed,shipshed,A shipshed as defined in Wikidata Q120685369: covered slipway for dry-land storage of ancient Greek and Roman warships,,https://pleiades.stoa.org/vocabularies/place-types/shipshed
shrine,shrine,"A shrine as defined by the Getty Art and Architecture Thesaurus term 300007558: ""Structures or large furnishings in which devotion is paid to a statue, picture, saint, deity or other holy objects.""",,https://pleiades.stoa.org/vocabularies/place-types/shrine
siege-mine,siege mine,An excavated area or tunnel associated with sapping and other forms of subterranean and siege warfare.,,https://pleiades.stoa.org/vocabularies/place-types/siege-mine
siege-ramp,siege ramp,A ramp associated with siege warfare tactics.,,https://pleiades.stoa.org/vocabularies/place-types/siege-ramp
slag-heap,slag heap,"A slag heap as defined by the Getty Art and Architecture Thesaurus: Piles of fused refuse or dross separated from metal in the process of smelting; also refers to piles of unwanted tailings or refuse that are the by-products of mining ore, coal, or other substances. Piles of fused refuse or dross separated from metal in the process of smelting; also refers to piles of unwanted tailings or refuse that are the by-products of mining ore, coal, or other substances.",,https://pleiades.stoa.org/vocabularies/place-types/slag-heap
space-exterior-covered,space (exterior covered),"An exterior, covered space as defined by the Getty Art and Architecture Thesaurus: Building spaces that are covered, and located on the exterior of the buildings",,https://pleiades.stoa.org/vocabularies/place-types/space-exterior-covered
space-interior,space (interior),An interior space as defined by the Getty Art and Architecture Thesaurus: Spaces located in the interior of structures,,https://pleiades.stoa.org/vocabularies/place-types/space-interior
space-uncovered,space (uncovered),An uncovered space as defined by the Getty Art and Architecture Thesaurus: Spaces attached to buildings that are uncovered.,,https://pleiades.stoa.org/vocabularies/place-types/space-uncovered
spring,spring,A spring as defined by the Getty Art and Architecture Thesaurus: Water issuing naturally from the rock or soil upon the land or into a body of surface water.,,https://pleiades.stoa.org/vocabularies/place-types/spring
stadion,"stadion, stadium","A space in which the stadion footrace was held, usually consisting of a flat rectangular track about 200 meters long with a starting line at one end and a semicircular area at the other, with seating areas sloping up from the track on the two long sides and the end.",,https://pleiades.stoa.org/vocabularies/place-types/stadion
state,state (polity),"A sovereign state ad defined by the Getty Art and Architecture Thesaurus: Political units, such as nations, that exercise and are recognized internationally as possessing sovereignty.",,https://pleiades.stoa.org/vocabularies/place-types/state
station,station (road or coastal),,,https://pleiades.stoa.org/vocabularies/place-types/station
statue,statue,"A statue as defined by the Getty Art and Architecture Thesaurus: ""Sculpture in the round, usually but not always depicting humans, animals, mythical beings, or small figure groups. Statues are relatively large in scale, being life-size, larger than life-size, or only slightly smaller than life-size.""",,https://pleiades.stoa.org/vocabularies/place-types/statue
stoa,stoa,"A stoa as defined by the Getty Art and Architecture Thesaurus: ""Structures that originated in Greek architecture, comprising freestanding colonnades or covered walkways, or long open buildings with the roof supported by one or more rows of columns parallel to the rear wall. Stoas surrounded marketplaces and sanctuaries, forming places of business and public promenade. Rooms could back onto the colonnade, and a second story was sometimes added.""",,https://pleiades.stoa.org/vocabularies/place-types/stoa
strait,strait,"A strait as defined by the Getty Art and Architecture Thesaurus: A narrow waterway, usually narrower and less extensive than a sound, connecting two larger bodies of water.",,https://pleiades.stoa.org/vocabularies/place-types/strait
street,street,"A street as defined by the Getty Art and Architecture Thesaurus: A road in a city, town, or village, characterized by usually being paved and comparatively wide (as opposed to a lane or alley), and generally running between two rows of houses or other buildings.",,https://pleiades.stoa.org/vocabularies/place-types/street
stupa,stupa,"A stupa as defined by the Getty Art and Architecture Thesaurus: Buddhist relic mounds of earth, brick, or stone, dominated by a hemispherical or bulbous dome set on a square or circular base and topped by a small pavilionlike structure and a spire. Stupas often serve as pilgrimage sites and symbols of the Buddha or his teachings.",,https://pleiades.stoa.org/vocabularies/place-types/stupa
subcontinent,subcontinent,"A subcontinent as defined by the Getty Art and Architecture Thesaurus: ""Land masses of great size but smaller than those generally called continents; also large subdivisions of continents having a certain geographical independence.""",,https://pleiades.stoa.org/vocabularies/place-types/subcontinent
synagogue,synagogue,"A synagogue as defined by the Getty Art and Architecture Thesaurus: Community places for the regular assembly or congregation of Jews for liturgical services, assembly, and study apart from the service of the temple; since the destruction of the temple in Jerusalem, worship at the synagogue is the sole place of public worship.",,https://pleiades.stoa.org/vocabularies/place-types/synagogue
taberna-shop,"taberna, shop","A taberna is a Roman single room shop most often covered by a barrel vault, as described in http://en.wikipedia.org/wiki/Taberna.",,https://pleiades.stoa.org/vocabularies/place-types/taberna-shop
tell,tell,A tell as defined by the Getty Art and Architecture Thesaurus: Artificial mounds consisting of the accumulation of debris from successive settlement levels; common in regions where mud brick is used.,,https://pleiades.stoa.org/vocabularies/place-types/tell
temple-2,temple,"A temple as defined by the Getty Art and Architecture Thesaurus term 300007595: ""Buildings housing places devoted to the worship of a deity or deities. In the strictest sense, it refers to the dwelling place of a deity, and thus often houses a cult image. In modern usage a temple is generally a structure, but it was originally derived from the Latin ""templum"" and historically has referred to an uncovered place affording a view of the surrounding region. For Christian or Islamic religious buildings the terms ""churches"" or ""mosques"" are generally used, but an exception is that ""temples"" is used for Protestant, as opposed to Roman Catholic, places of worship in France and some French-speaking regions.",,https://pleiades.stoa.org/vocabularies/place-types/temple-2
temple,"temple, sanctuary, shrine, monument, tomb (deprecated)","A conglomerate category inherited from the Barrington Atlas map symbology. Though widespread at present in Pleiades, this term is now deprecated in favor of individual terms for each type of site or structure (q.v.).",,https://pleiades.stoa.org/vocabularies/place-types/temple
territory,territory,"A territory as defined by Wikidata: ""an area of land under a certain jurisdiction""",,https://pleiades.stoa.org/vocabularies/place-types/territory
theatre,"theatre, theater","A theater as defined by the Getty Art and Architecture Thesaurus: ""Buildings having a stage or projection screen for the presentation of dramatic performances and providing seating areas for spectators.""",,https://pleiades.stoa.org/vocabularies/place-types/theatre
tomb,tomb,"A tomb as defined by the Getty Art and Architecture Thesaurus term 300005926: ""Elaborations constructed over or around burial sites.""",,https://pleiades.stoa.org/vocabularies/place-types/tomb
tower-division,tower (building division),"A tower that is part of a larger structure as defined by the Getty Art and Architecture Thesaurus: Parts of buildings with walls rising considerably above the rest, usually with vertical proportions, and to some extent architecturally distinct.",,https://pleiades.stoa.org/vocabularies/place-types/tower-division
tower-church,tower (church),A church tower as defined by the Getty Art and Architecture Thesaurus: Towers attached to churches.,,https://pleiades.stoa.org/vocabularies/place-types/tower-church
tower-defensive,tower (defensive),A defensive tower as as defined by the Getty Art and Architecture Thesaurus: Towers used specifically for defense purposes.,,https://pleiades.stoa.org/vocabularies/place-types/tower-defensive
tower-gate,tower (gate),"A gate tower as defined by the Getty Art and Architecture Thesaurus: Towers containing and protecting gates, as to fortresses or walled cities.",,https://pleiades.stoa.org/vocabularies/place-types/tower-gate
tower-single,tower (single),A single tower as defined by the Getty Art and Architecture Thesaurus: Detached or isolated buildings or other structures high in proportion to their lateral dimensions.,,https://pleiades.stoa.org/vocabularies/place-types/tower-single
tower-wall,tower (wall),"A wall tower as defined by the Getty Art and Architecture Thesaurus: Towers incorporated into a protective wall, such as the wall around a city or castle.",,https://pleiades.stoa.org/vocabularies/place-types/tower-wall
tower-mill,tower mill,"A tower mill as defined by the Getty Art and Architecture Thesaurus: Windmills having the form of a masonry tower, atop which are positioned a rotating cap and the sails.",,https://pleiades.stoa.org/vocabularies/place-types/tower-mill
tower-tomb,tower tomb,"A tower-tomb as defined by the Getty Art and Architecture Thesaurus: Used to designate ancient Roman funerary structures of several stories usually rising from a stepped square or rectangular base and topped by a pyramidal, domical, or flat roof.",,https://pleiades.stoa.org/vocabularies/place-types/tower-tomb
townhouse,townhouse,"Designation for a private residence or individual mixed-use residential and commercial complex within a planned urban environment. A townhouse abuts neighboring residences, either directly through party-walls or indirectly through lot-edges or shared alleys.",,https://pleiades.stoa.org/vocabularies/place-types/townhouse
treasure-house,"treasure house, treasury","A treasure house as defined by the Getty Art and Architecture Thesaurus: ""Buildings in which money or other valuables are stored, usually of relatively modest size and used for historical buildings. Examples are found in Classical Greece and Rome.""",,https://pleiades.stoa.org/vocabularies/place-types/treasure-house
treasury,treasury (deprecated),,,https://pleiades.stoa.org/vocabularies/place-types/treasury
tree,tree,"A tree as defined by the Getty Art and Architecture Thesaurus: ""Woody, perennial plants usually with a single, long, self-supporting stem or trunk, and which grow to a considerable height.""",,https://pleiades.stoa.org/vocabularies/place-types/tree
tribus,"tribus, Roman voting assembly",,,https://pleiades.stoa.org/vocabularies/place-types/tribus
trophy,"trophy, tropaion","A trophy as defined in Wikidata: ""Greco-Roman monument celebrating victory""",,https://pleiades.stoa.org/vocabularies/place-types/trophy
tumulus,tumulus,,,https://pleiades.stoa.org/vocabularies/place-types/tumulus
tunnel,tunnel,,,https://pleiades.stoa.org/vocabularies/place-types/tunnel
undefined,undefined,,,https://pleiades.stoa.org/vocabularies/place-types/undefined
underground-structures,underground structures,"Equivalent to Getty AAT category ""underground structures"" aat: 300008047.",,https://pleiades.stoa.org/vocabularies/place-types/underground-structures
unknown,unknown,,,https://pleiades.stoa.org/vocabularies/place-types/unknown
unlocated,unlocated,,,https://pleiades.stoa.org/vocabularies/place-types/unlocated
urban,urban area,,,https://pleiades.stoa.org/vocabularies/place-types/urban
valley,valley,,,https://pleiades.stoa.org/vocabularies/place-types/valley
vicus,vicus,"Small, rural farming settlement of the high Roman empire and later periods, often associated with a villa.",,https://pleiades.stoa.org/vocabularies/place-types/vicus
villa,villa,"A villa as defined by the Getty Art and Architecture Thesaurus: Used since the Roman period to designate country houses, generally of some pretension, and often including their outbuildings and gardens.",,https://pleiades.stoa.org/vocabularies/place-types/villa
volcano,volcano,"A volcano as defined by the Getty Art and Architecture Thesaurus: Vents in the crust of the Earth or other planet or satellite, from which issue eruptions of molten rock, hot rock fragments, and hot gases.",,https://pleiades.stoa.org/vocabularies/place-types/volcano
wall-2,wall,"A wall as defined by the Getty Art and Architecture Thesaurus, term 300002469: Vertical architectural members used to define and divide spaces.",,https://pleiades.stoa.org/vocabularies/place-types/wall-2
defensive-wall,wall (defensive),A defensive wall as defined by the Getty Art and Architecture Thesaurus: all sorts of walls constructed to resist attack.,,https://pleiades.stoa.org/vocabularies/place-types/defensive-wall
interior-wall,wall (interior),An interior wall as defined by the Getty Art and Architecture Thesaurus: Walls having two interior faces and existing entirely within the exterior walls.,,https://pleiades.stoa.org/vocabularies/place-types/interior-wall
city-wall,"wall (of a city), city wall","A wall as defined by the Getty Art and Architecture Thesaurus, term 300005072: Fortification walls of cities.",,https://pleiades.stoa.org/vocabularies/place-types/city-wall
wall,"wall, earthwork (deprecated)",Deprecated type derived from a Barrington Atlas symbol.,,https://pleiades.stoa.org/vocabularies/place-types/wall
water-inland,water (inland),,,https://pleiades.stoa.org/vocabularies/place-types/water-inland
water-feature,water feature (landscaping),"A landscaped water feature as defined by the Getty Art and Architecture Thesaurus: ""passive reflective or dynamic elements in the cultural landscape that incorporate water as the primary design feature""",,https://pleiades.stoa.org/vocabularies/place-types/water-feature
wheel,water wheel,,,https://pleiades.stoa.org/vocabularies/place-types/wheel
water-open,"water, open",,,https://pleiades.stoa.org/vocabularies/place-types/water-open
watercourse,watercourse,A watercourse as defined by the Getty Art and Architecture Thesaurus: Natural or artificial well-defined channels that carry flowing water; may be either produced by the flowing water or artificially designed to carry flowing water.,,https://pleiades.stoa.org/vocabularies/place-types/watercourse
waterfall,waterfall,A waterfall as defined by the Getty Art and Architecture Thesaurus: Perpendicular or very steep descents of the water of a stream,,https://pleiades.stoa.org/vocabularies/place-types/waterfall
well,well,"A well as defined by the Getty Art and Architecture Thesaurus: ""Holes, pits, or other generally vertical excavations cored, bored, drilled, or otherwise constructed in the earth for purposes of drawing out various liquids, such as water, brine, or petroleum, or natural gas.""",,https://pleiades.stoa.org/vocabularies/place-types/well
marsh-wetland,"wetland (swamp, marsh, or bog)","A wetland is a land area that is saturated with water, either permanently or seasonally, such that it takes on the characteristics of a distinct ecosystem. Getty Art and Architecture Thesaurus: ""Large category including areas of land characterized by poor drainage, standing or slowly moving water, and as a result, an almost constant state of water-saturated soil. Wetlands include swamps, marshes, and bogs.""",,https://pleiades.stoa.org/vocabularies/place-types/marsh-wetland
whirlpool,whirlpool,,,https://pleiades.stoa.org/vocabularies/place-types/whirlpool
ziggurat,ziggurat,A ziggurat as defined by the Getty Art and Architecture Thesaurus: Ancient Mesopotamian temple towers in the form of stepped pyramids.,,https://pleiades.stoa.org/vocabularies/place-types/ziggurat
