key,term,definition,lower_bound,upper_bound,same_as
paleolithic-middle-east,Paleolithic Middle East (2600000–18000 BC) (2600000 BC - 18000 BC),"ME [[-2600000,-18000]]",2600000 BC,18000 BC,http://n2t.net/ark:/99152/p03wskdz28z
copy_of_paleolithic-middle-east,Paleolithic Middle East (2600000–18000 BC) (2600000 BC - 18000 BC),"Middle East [[-2600000,-18000]]",2600000 BC,18000 BC,http://n2t.net/ark:/99152/p03wskdz28z
stone-age-oman,Stone Age Oman (125000–3200 BC) (125000 BC - 3200 BC),"Persian Gulf [[-125000,-3200]]",125000 BC,3200 BC,
mesolithic-levant,Mesolithic Levant (18000–9500 BC) (18000 BC - 9500 BC),"Epipaleolithic-Protoneolithic Levant, Kebaran-Natufian [[-18000,-9500]]",18000 BC,9500 BC,http://n2t.net/ark:/99152/p03wskdfrrp
mesolithic-middle-east,Mesolithic Middle East (18000–9000 BC) (18000 BC - 9000 BC),"Epipaleolithic-Protoneolithic ME [[-18000,-9000]]",18000 BC,9000 BC,http://n2t.net/ark:/99152/p03wskd23gj
copy_of_mesolithic-middle-east,Mesolithic Middle East (18000–9000 BC) (18000 BC - 9000 BC),"Epipaleolithic-Protoneolithic ME [[-18000,-9000]]",18000 BC,9000 BC,http://n2t.net/ark:/99152/p03wskd23gj
mesolithic-europe-13-000-8-000-bc,"Mesolithic Europe (13,000-8,000 BC) (13000 BC - 8000 BC)","The cultural period lying between paleolithic and neolithic, as described at https://en.wikipedia.org/wiki/Mesolithic [[-13000,-8000]]",13000 BC,8000 BC,
natufian-levant,Natufian Levant (12500–9500 BC) (12500 BC - 9500 BC),"Levant [[-12500,-9500]]",12500 BC,9500 BC,
neolithic-eastern-med,"Neolithic Period in the Eastern Mediterranean (ca. 10,000-3,300 BC) (10000 BC - 3300 BC)","The so-called ""Neolithic"" or ""New Stone Age"" period as defined in the Eastern portion of the Mediterranean basin, lasting roughly from 10,000 - 3,300 BC. See further: http://ancienthistory.about.com/od/artarchaeologyarchitect/g/neolithic.htm [[-10000, -3300]]",10000 BC,3300 BC,http://n2t.net/ark:/99152/p03wskdw46d
pre-pottery-neolithic-middle-east,Pre-Pottery Neolithic Middle East (9000–6000 BC) (9000 BC - 6000 BC),"Aceramic Neolithic ME [[-9000,-6000]]",9000 BC,6000 BC,http://n2t.net/ark:/99152/p03wskdgn3q
neolithic-middle-east,Neolithic Middle East (9000–4500 BC) (9000 BC - 4500 BC),"ME [[-9000,-4500]]",9000 BC,4500 BC,http://n2t.net/ark:/99152/p03wskdjw3b
ubaid,Ubaid period in Mesopotamia (ca. 6500 to 3800 BC) (6500 BC - 3800 BC),"The prehistoric Ubaid period of Mesopotamia, as defined by Wikipedia following Carter, Robert A. and Philip, Graham Beyond the Ubaid: Transformation and Integration in the Late Prehistoric Societies of the Middle East (Studies in Ancient Oriental Civilization, Number 63) The Oriental Institute of the University of Chicago (2010) ISBN 978-1-885923-66-0 p.2, at http://oi.uchicago.edu/research/pubs/catalog/saoc/saoc63.html [[-6500, -3800]]",6500 BC,3800 BC,http://n2t.net/ark:/99152/p03wskdrkh7
chalcolithic-mesopotamia,Chalcolithic Mesopotamia (6200–3750 BC) (6200 BC - 3750 BC),"Copper Age Mesopotamia, Halaf-Ubaid-Early Uruk Mesopotamia [[-6200,-3750]]",6200 BC,3750 BC,http://n2t.net/ark:/99152/p03wskdtwrq
neolithic-egypt,Neolithic Egypt (6000-4500 BCE/BC) (6000 BC - 4500 BC),"The Neolithic period in Egypt, following the chronology of the UCLA Encyclopedia of Egyptology (compiled by Thomas Schneider): http://www.uee.ucla.edu/contributors/chronology.htm. [[-6000, -4500]]",6000 BC,4500 BC,http://n2t.net/ark:/99152/p03wskdd2st
pottery-neolithic-middle-east,Pottery Neolithic Middle East (6000–4500 BC) (6000 BC - 4500 BC),"ME [[-6000,-4500]]",6000 BC,4500 BC,http://n2t.net/ark:/99152/p03wskdjhsq
6th-millennium-bce,6th millennium BCE (6000-5000 BCE) (6000 BC - 5000 BC),"The fifth millennium BCE as defined at http://en.wikipedia.org/wiki/5th_millennium_BC [[-6000, -5000]]",6000 BC,5000 BC,
ubaid-early-dynastic-ii-mesopotamia,Ubaid-Early Dynastic II Mesopotamia (5500–2600 BC) (5500 BC - 2600 BC),"Late Chalcolithic-ED II Mesopotamia, Ubaid-Uruk-Jemdet Nasr-ED Mesopotamia [[-5500,-2600]]",5500 BC,2600 BC,http://n2t.net/ark:/99152/p03wskdh9h2
neolithic-malta,"Neolithic Period on Malta (ca. 5,000-2,500BC) (5000 BC - 2500 BC)","The neolithic or so-called ""New Stone Age"" as expressed in remains of physical culture on the island of Malta, where it appears to have lasted from around 5,000 to 2,500 BC [[-5000, -2500]]",5000 BC,2500 BC,http://n2t.net/ark:/99152/p03wskddc9t
chalcolithic-iran,Chalcolithic Iran (5000–2500 BC) (5000 BC - 2500 BC),"Iran [[-5000,-2500]]",5000 BC,2500 BC,http://n2t.net/ark:/99152/p03wskd9szx
5th-millennium-bce,5th millennium BCE (5000-4000 BCE) (5000 BC - 4000 BC),"The fifth millennium BCE as defined at http://en.wikipedia.org/wiki/5th_millennium_BC [[-5000, -4000]]",5000 BC,4000 BC,
predynastic-egypt,Predynastic Egypt (4500-2950 BCE/BC) (4500 BC - 2950 BC),"The predynastic period in Egypt, following the chronology of the UCLA Encyclopedia of Egyptology (compiled by Thomas Schneider): http://www.uee.ucla.edu/contributors/chronology.htm. [[-4500, -2950]]",4500 BC,2950 BC,http://n2t.net/ark:/99152/p03wskdzc7b
4th-millenium-bce,4th millennium BCE (4000-3000 BCE) (4000 BC - 3000 BC),"The fourth millennium BCE as defined at http://en.wikipedia.org/wiki/4th_millennium_BC [[-4000, -3000]]",4000 BC,3000 BC,http://n2t.net/ark:/99152/p03wskdbh6h
neolithic-british,"Neolithic Period (British Isles; 4,000-2,500 BC) (4000 BC - 2500 BC)","The Neolithic period in the British Isles, after Wikipedia, Neolithic British Isles, http://en.wikipedia.org/wiki/Neolithic_British_Isles. [[-4000, -2500]]",4000 BC,2500 BC,
uruk-mesopotamia,Uruk Mesopotamia (4000–2950 BC) (4000 BC - 2950 BC),"Protoliterate Mesopotamia [[-4000,-2950]]",4000 BC,2950 BC,
old-nubian,Old Nubian (3800–2300 BC) (3800 BC - 2300 BC),"A-Group/Old Nubian—Middle Nubian—OK [[-3800,-2300]]",3800 BC,2300 BC,http://n2t.net/ark:/99152/p03wskdm62k
calcolithic-eurasian-cenieh,Calcolithic (Eurasia: 3350-1850 BCE) (3350 BC - 1850 BC),"Centro Nacional de Investigación sobre la Evolución Humana, CENIEH",3350 BC,1850 BC,http://n2t.net/ark:/99152/p0h9ttq52p8
early-bronze-age-southern-levant,Early Bronze Age Southern Levant (3300–2000 BC) (3300 BC - 2000 BC),"southern Levant [[-3300,-2000]]",3300 BC,2000 BC,http://n2t.net/ark:/99152/p03wskdhc9m
elamite-western-iran,Elamite Western Iran (3200–540 BC) (3200 BC - 540 BC),"Proto—Old—Middle—Neo-Elamite [[-3200,-540]]",3200 BC,540 BC,http://n2t.net/ark:/99152/p03wskddbqj
early-minoan,Early Minoan (Crete; 3100-2000 BC) (3100 BC - 2000 BC),"Early Minoan period on Crete, after Shelmerdine, The Cambridge Companion to the Aegean Bronze Age, Cambridge UP, 2008. PeriodO URI: http://n2t.net/ark:/99152/p0qp9rs8fgh. [[-3100,-2000]]",3100 BC,2000 BC,
cycladic-early,Early Cycladic (3100-2000 BCE) (3100 BC - 2000 BC),The Early Cycladic period as defined by The British School at Athens: archaeological periods of Greece. 2022,3100 BC,2000 BC,http://n2t.net/ark:/99152/p0ds9qjd2xr
early-helladic,Early Helladic (Mainland Greece; 3000-2000 BC) (3000 BC - 2000 BC),"The Early Helladic period in the Greek mainland, after Preziosi and Hitchcock, Aegean Art and Architecture, Oxford History of Art, 1998. [[-3000,-2000]]",3000 BC,2000 BC,
3rd-millennium-bc,3rd millennium BC (3000-2000 BCE) (3000 BC - 2000 BC),"The 3rd millennium BC spans the Early to Middle Bronze Age. As described at http://en.wikipedia.org/wiki/3rd_millennium_BC. [[-3000, -2000]]",3000 BC,2000 BC,http://n2t.net/ark:/99152/p03wskdvwkb
early-dynastic-egypt,Early Dynastic Egypt (2950-2670 BCE/BC) (2950 BC - 2670 BC),"The Early Dynastic period in Egypt, following the chronology of the UCLA Encyclopedia of Egyptology (compiled by Thomas Schneider): http://www.uee.ucla.edu/contributors/chronology.htm. [[-2950, -2670]]",2950 BC,2670 BC,
early-dynastic-mesopotamia,Early Dynastic Mesopotamia (2950–2350 BC) (2950 BC - 2350 BC),"Mesopotamia [[-2950,-2350]]",2950 BC,2350 BC,http://n2t.net/ark:/99152/p03wskdsdnb
old-kingdom-egypt,Old Kingdom Egypt (2670-2168 BCE/BC) (2670 BC - 2168 BC),"The Old Kingdom period in Egypt, following the chronology of the UCLA Encyclopedia of Egyptology (compiled by Thomas Schneider): http://www.uee.ucla.edu/contributors/chronology.htm. [[-2670, -2168]]",2670 BC,2168 BC,http://n2t.net/ark:/99152/p03wskdgmtf
bronze-age-oman,Bronze Age Oman (2600–1900 BC) (2600 BC - 1900 BC),"Persian Gulf [[-2600,-1900]]",2600 BC,1900 BC,
bronze-age-britain,Bronze Age Britain (ca. 2500 - ca. 800 BC/BCE) (2500 BC - 800 BC),"A long time period associated with Bronze Age Britain. [[-2500, -800]]",2500 BC,800 BC,http://n2t.net/ark:/99152/p03wskdfd83
bronze-age-malta,"Bronze Age Malta (ca. 2,500-700 BC) (2500 BC - 700 BC)","The Bronze age as represented in the remains of physical culture from the island of Malta. [[-2500, -700]]",2500 BC,700 BC,http://n2t.net/ark:/99152/p03wskdjqsh
early-bronze-age-iran,Early Bronze Age Iran (2500–2000 BC) (2500 BC - 2000 BC),"Jiroft [[-2500,-2000]]",2500 BC,2000 BC,
early-middle-bronze-age-iran,Early-Middle Bronze Age Iran (2500–1500 BC) (2500 BC - 1500 BC),"Iran [[-2500,-1500]]",2500 BC,1500 BC,http://n2t.net/ark:/99152/p03wskdwdtr
akkadian-ur-iii-mesopotamia,Akkadian-Ur III Mesopotamia (2335–2000 BC) (2335 BC - 2000 BC),"Akkadian—Neo-Sumerian Mesopotamia [[-2335,-2000]]",2335 BC,2000 BC,http://n2t.net/ark:/99152/p03wskdbvmg
middle-nubian,Middle Nubian (2300–1600 BC) (2300 BC - 1600 BC),"C-Group—Kerma—Middle Nubian—Pan-Grave—MK [[-2300,-1600]]",2300 BC,1600 BC,http://n2t.net/ark:/99152/p03wskdc5xs
bronze-ireland,Bronze Age Ireland (2200-800 BCE) (2199 BC - 800 BC),"The Bronze Age in Ireland as defined by Neil Carlin et al. ""Archaeological periods for the island of Ireland"" for ARIADNE",2199 BC,800 BC,http://n2t.net/ark:/99152/p06hps8vvgz
first-intermediate-period-egypt,First Intermediate Period Egypt (2168-2010 BCE/BC) (2168 BC - 2010 BC),"The First Intermediate Period in Egypt, following the chronology of the UCLA Encyclopedia of Egyptology (compiled by Thomas Schneider): http://www.uee.ucla.edu/contributors/chronology.htm. [[-2168, -2010]]",2168 BC,2010 BC,http://n2t.net/ark:/99152/p03wskdxjnj
transition-early-middle-bronze-age-southern-levant,Transition Early-Middle Bronze Age Southern Levant (2100–1900 BC) (2100 BC - 1900 BC),"southern Levant [[-2100,-1900]]",2100 BC,1900 BC,http://n2t.net/ark:/99152/p03wskd5mwr
middle-kingdom-egypt,Middle Kingdom Egypt (2010-1640 BCE/BC) (2010 BC - 1640 BC),"The Middle Kingdom period in Egypt, following the chronology of the UCLA Encyclopedia of Egyptology (compiled by Thomas Schneider): http://www.uee.ucla.edu/contributors/chronology.htm. [[-2010, -1640]]",2010 BC,1640 BC,http://n2t.net/ark:/99152/p03wskdgq4n
2nd-millenium-bce,2nd Millennium BCE (2000-1000 BCE) (2000 BC - 1000 BC),"The second millennium BCE as defined at http://en.wikipedia.org/wiki/2nd_millennium_BC [[-2000, -1000]]",2000 BC,1000 BC,http://n2t.net/ark:/99152/p03wskd4mmt
middle-helladic,Middle Helladic (Mainland Greece; 2000-1600 BC) (2000 BC - 1600 BC),"The Middle Helladic period in the Greek mainland, after Preziosi and Hitchcock, Aegean Art and Architecture, Oxford History of Art, 1998. [[-2000, -1600]]",2000 BC,1600 BC,
early-bronze-age-anatolia,Early Bronze Age Anatolia (2000–1750 BC) (2000 BC - 1750 BC),"Karum Anatolia [[-2000,-1750]]",2000 BC,1750 BC,http://n2t.net/ark:/99152/p03wskdnzgc
old-babylonian-assyrian-mesopotamia,Old Babylonian/Assyrian Mesopotamia (2000–1600 BC) (2000 BC - 1600 BC),"Mesopotamia [[-2000,-1600]]",2000 BC,1600 BC,http://n2t.net/ark:/99152/p03wskdr7sw
middle-bronze-age-iran,Middle Bronze Age Iran (2000–1500 BC) (2000 BC - 1500 BC),"Iran [[-2000,-1500]]",2000 BC,1500 BC,http://n2t.net/ark:/99152/p03wskdwdtr
middle-bronze-age-southern-levant,Middle Bronze Age Southern Levant (2000–1400 BC) (2000 BC - 1400 BC),"southern Levant [[-2000,-1400]]",2000 BC,1400 BC,http://n2t.net/ark:/99152/p03wskdqzgv
2nd-millennium-bc-egypt,2nd Millennium BC Egypt (2000–1000 BC) (2000 BC - 1000 BC),"Egypt [[-2000,-1000]]",2000 BC,1000 BC,http://n2t.net/ark:/99152/p03wskdnxfq
2nd-millennium-bc-levant,2nd Millennium BC Levant (2000–1000 BC) (2000 BC - 1000 BC),"MBA Levant-LBA Levant-Iron Age I Levant [not sure as these are all taken from southern Levant periodisation] [[-2000,-1000]]",2000 BC,1000 BC,
middle-bronze-early-iron-age-iran,Middle Bronze-Early Iron Age Iran (2000–650 BC) (2000 BC - 650 BC),"Iran [[-2000,-650]]",2000 BC,650 BC,http://n2t.net/ark:/99152/p03wskdc6nf
middleminoan,Middle Minoan (Crete; 2000-1600 BC/BCE) (2000 BC - 1600 BC),"The Middle Minoan period on Crete, as defined in C. Shelmerdine, The Cambridge Companion to the Aegean Bronze Age (2008), p. 4, figure 1.1. [[-2000,-1600]]",2000 BC,1600 BC,http://n2t.net/ark:/99152/p03wskdtg2h
cycladic-middle,Middle Cycladic (2000-1600 BCE) (2000 BC - 1600 BC),The Middle Cycladic Period as defined by The British School at Athens: archaeological periods of Greece. 2022.,2000 BC,1600 BC,http://n2t.net/ark:/99152/p0ds9qjv6nb
bronze-eurasian-cenieh,Bronze Age (Eurasia: 1850-1150 BCE) (1850 BC - 1150 BC),"The Bronze Age in Eurasia as defined by the Centro Nacional de Investigación sobre la Evolución Humana, CENIEH",1850 BC,1150 BC,http://n2t.net/ark:/99152/p0h9ttqdnzk
middle-bronze-age-anatolia,Middle Bronze Age Anatolia (1750–1450 BC) (1750 BC - 1450 BC),"Anatolia [[-1750,-1450]]",1750 BC,1450 BC,http://n2t.net/ark:/99152/p03wskd82ps
copy_of_middle-bronze-age-anatolia,Middle Bronze Age Anatolia (1750–1450 BC) (1750 BC - 1450 BC),"Anatolia [[-1750,-1450]]",1750 BC,1450 BC,http://n2t.net/ark:/99152/p03wskd82ps
sicilian-bronze-advanced,Bronze Age in Sicily (Advanced: 1700-1400 BCE)) (1700 BC - 1400 BC),As defined by the Mursia Pantelleria Project (University of Bologna),1700 BC,1400 BC,
bronze-middle-iberia,Middle Bronze Age in Iberia (1700-1201 BCE) (1700 BC - 1201 BC),The Middle Bronze Age as defined by the Ariadne network via PeriodO,1700 BC,1201 BC,http://n2t.net/ark:/99152/p0qhb66z4gr
old-hittite-anatolia,Old Hittite Anatolia (1650–1450 BC) (1650 BC - 1450 BC),"Old-Middle Kingdom Hittite [[-1650,-1450]]",1650 BC,1450 BC,
second-intermediate-period-egypt,Second Intermediate Period Egypt (1640-1548) (1640 BC - 1548 BC),"The Second Intermediate period in Egypt, following the chronology of the UCLA Encyclopedia of Egyptology (compiled by Thomas Schneider): http://www.uee.ucla.edu/contributors/chronology.htm. [[-1640, -1548]]",1640 BC,1548 BC,http://n2t.net/ark:/99152/p03wskdzd99
late-helladic,Late Helladic (Mainland Greece; 1600-1200 BC) (1600 BC - 1200 BC),"The Late Helladic period in the Greek mainland, after Preziosi and Hitchcock, Aegean Art and Architecture, Oxford History of Art, 1998. [[-1600, -1200]]",1600 BC,1200 BC,http://n2t.net/ark:/99152/p03wskdrx4h
later-2nd-millennium-bc-mesopotamia,Later 2nd Millennium BC Mesopotamia (1600–1000 BC) (1600 BC - 1000 BC),"Middle Assyrian/Middle Babylonian/Kassite Mesopotamia, LBA-Early Iron Age Mesopotamia, incl. Sea Peoples [[-1600,-1000]]",1600 BC,1000 BC,http://n2t.net/ark:/99152/p03wskdfpqr
late-nubian,Late Nubian (1600–350 BC) (1600 BC - 350 BC),"NK-Kushite-Meroitic [[-1600,-350]]",1600 BC,350 BC,http://n2t.net/ark:/99152/p03wskdfnrs
late-bronze-age-anatolia,Late Bronze Age Anatolia (1600-1200 BC) (1600 BC - 1200 BC),"Late Bronze Age Anatolia [[-1600,-1200]]",1600 BC,1200 BC,
late-minoan,Late Minoan (Crete; 1600-1080 BC/BCE) (1600 BC - 1080 BC),"The Late Minoan period on Crete, as defined in C. Shelmerdine, The Cambridge Companion to the Aegean Bronze Age (2008), p. 4. PeriodO URI: http://n2t.net/ark:/99152/p0qp9rssm67. [[-1600,-1080]]",1600 BC,1080 BC,
cycladic-late,Late Cycladic (1600 - 1080 BCE) (1600 BC - 1080 BC),The Late Cycladic Period as defined by The British School at Athens: archaeological periods of Greece. 2022.,1600 BC,1080 BC,http://n2t.net/ark:/99152/p0ds9qjp52w
sixteenth-bce,sixteenth century before the common era (1600 BC - 1501 BC),,1600 BC,1501 BC,
new-kingdom-egypt,New Kingdom Egypt (1548-1086) (1548 BC - 1086 BC),"The New Kingdom period in Egypt, following the chronology of the UCLA Encyclopedia of Egyptology (compiled by Thomas Schneider): http://www.uee.ucla.edu/contributors/chronology.htm. [[-1548, -1086]]",1548 BC,1086 BC,http://n2t.net/ark:/99152/p03wskddb3j
late-bronze-age-iran,Late Bronze Age Iran (1500–1000 BC) (1500 BC - 1000 BC),"Iran [[-1500,-1000]]",1500 BC,1000 BC,
fifteenth-bce,fifteenth century before the common era (1500 BC - 1401 BC),,1500 BC,1401 BC,
middle-hittite-anatolia,Middle Hittite Anatolia (1450–1200 BC) (1450 BC - 1200 BC),"New Kingdom Hittite [[-1450,-1200]]",1450 BC,1200 BC,http://n2t.net/ark:/99152/p03wskdcmjz
late-bronze-age-southern-levant,Late Bronze Age Southern Levant (1400–1200 BC) (1400 BC - 1200 BC),"southern Levant [[-1400,-1200]]",1400 BC,1200 BC,
ugaritic,Ugaritic floruit (1400-1100 BCE) (1400 BC - 1100 BC),The period during which the Ugaritic language was used and written.,1400 BC,1100 BC,
fourteenth-bce,fourteenth century before the common era (1400 BC - 1301 BC),,1400 BC,1301 BC,
egyptian-hittite-levant,Egyptian/Hittite Levant (1344–1212 BC) (1344 BC - 1212 BC),"Levant [[-1344,-1212]]",1344 BC,1212 BC,http://n2t.net/ark:/99152/p03wskd6hw5
thirteenth-bce,thirteenth century before the common era (1300 BC - 1201 BC),,1300 BC,1201 BC,
early-iron-age-anatolia,Early Iron Age Anatolia (1200–700 BC) (1200 BC - 700 BC),"incl. Mitanni [[-1200,-700]]",1200 BC,700 BC,http://n2t.net/ark:/99152/p03wskdm4tb
neo-hittite-northern-levant,Neo-Hittite Northern Levant (1200–700 BC) (1200 BC - 700 BC),"Syro-Hittite Northern Levant [[-1200,-700]]",1200 BC,700 BC,http://n2t.net/ark:/99152/p03wskdv8qb
1200-bc-middle-east,1200 BC Middle East (1200 BC - 1199 BC),"ME, Greece [[-1200, -1199]]",1200 BC,1199 BC,http://n2t.net/ark:/99152/p03wskdnjq5
iron-age-southern-levant,Iron Age Southern Levant (1200 BC - 550 BC),"[[-1200,-550]]",1200 BC,550 BC,http://n2t.net/ark:/99152/p03wskdxvtv
bronze-late-iberia,Late Bronze Age in Iberia (1200-801 BCE) (1200 BC - 801 BC),The Late Bronze Age as defined by the Ariadne network via PeriodO,1200 BC,801 BC,http://n2t.net/ark:/99152/p0qhb669k7t
twelfth-bce,twelfth century before the common era (1200 BC - 1101 BC),,1200 BC,1101 BC,
eleventh-bce,eleventh century before the common era (1100 BC - 1001 BC),,1100 BC,1001 BC,
third-intermediate-period-egypt,Third Intermediate Period Egypt (1086-664) (1086 BC - 664 BC),"The Third Intermediate period in Egypt, following the chronology of the UCLA Encyclopedia of Egyptology (compiled by Thomas Schneider): http://www.uee.ucla.edu/contributors/chronology.htm. [[-1086, -664]]",1086 BC,664 BC,http://n2t.net/ark:/99152/p03wskdmzfr
early-iron-age-iran,Early Iron Age Iran (1000–650 BC) (1000 BC - 650 BC),"Pre-Classical Antiquity [[-1000,-650]]",1000 BC,650 BC,
iron-age-italy-latial-culture-i-1000-900-bc,"Iron Age Italy (Latial Culture I, 1000-900 BC) (1000 BC - 900 BC)","Latial I is concentrated around Rome, the Alban Hills, and the Monti della Tolfa. [[-1000, -900]]",1000 BC,900 BC,http://n2t.net/ark:/99152/p03wskdk2k5
early-1st-millennium-mesopotamia,Early 1st Millennium BC Mesopotamia (1000-720 BC) (1000 BC - 720 BC),Period as defined by Jamie Novotny,1000 BC,720 BC,
1st-millennium-bce,1st Millennium BCE (1000-1 BCE) (1000 BC - 1 BC),"The first millennium BCE as defined at https://en.wikipedia.org/wiki/1st_millennium_BC [[-1000, -1]]",1000 BC,1 BC,
tenth-bce,tenth century before the common era (1000 BC - 901 BC),,1000 BC,901 BC,
early-geometric,Early Geometric (Greek; 900-850 BC) (900 BC - 850 BC),"The Early Geometric period in ancient Greece, from 900-850 before the birth of Christ",900 BC,850 BC,http://n2t.net/ark:/99152/p03wskdr3vd
urartian-eastern-anatolia,Urartian Eastern Anatolia (900–600 BC) (900 BC - 600 BC),"eastern Anatolia [[-900,-600]]",900 BC,600 BC,http://n2t.net/ark:/99152/p03wskd29mn
castro-culture-iron-age-ca.-900-bc-100-bc,"Castro Culture (Iron Age, ca. 900 BC - 100 BC) (900 BC - 100 BC)","The Castro Culture is an archaeological term describing the material culture of Celtic peoples of the Iberian peninsula during the first millennium BC, as described at https://en.wikipedia.org/wiki/Castro_culture. [[-900,-100]]",900 BC,100 BC,
ninth-bce,ninth century before the common era (900 BC - 801 BC),,900 BC,801 BC,
villanovan,Villanovan (900-750 BCE) (900 BC - 750 BC),The Villanovan period as defined by Holloway 1994: The archaeology of early Rome and Latium,900 BC,750 BC,http://n2t.net/ark:/99152/p08nrfc
middle-geometric,Middle Geometric (Greek; 850-750 BC) (850 BC - 750 BC),"The Middle Geometric period in ancient Greece, from 850-750 before the birth of Christ. [[-850, -750]]",850 BC,750 BC,http://n2t.net/ark:/99152/p03wskdjcqv
iron-age-britain,Iron Age Britain (ca. 800 BC/BCE - ca. 100 AD/CE) (800 BC - AD 100),"A long time period associated with Iron Age Britain. [[-800, 100]]",800 BC,AD 100,http://n2t.net/ark:/99152/p03wskd6nrz
eighth-bce,eighth century before the common era (800 BC - 701 BC),,800 BC,701 BC,
iron-ireland,Iron Age Ireland (800 BCE - 400 CE) (800 BC - AD 400),"The Iron Age in Ireland as defined by Neil Carlin et al. ""Archaeological periods for the island of Ireland"" for ARIADNE",800 BC,AD 400,http://n2t.net/ark:/99152/p06hps8h2jd
archaic,Archaic (Greco-Roman; 750-550 BCE/BC) (750 BC - 550 BC),"The Archaic period in Greek and Roman history. For the purposes of Pleiades, this period is seen to begin in the year 750 and end in the year 550 before the birth of Christ. [[-750, -550]]",750 BC,550 BC,http://n2t.net/ark:/99152/p03wskdnwd4
orientalizing-italy,Orientalizing Italy/Slovenia (745-577 BCE) (745 BC - 577 BC),"The so-called ""Orientalizing"" period in Italy and Slovenia as defined by fastionline.org",745 BC,577 BC,http://n2t.net/ark:/99152/p06v8w4
neo-assyrian-babylonian-middle-east,Neo-Assyrian/Babylonian Middle East (720–540 BC) (720 BC - 540 BC),"ME [[-720,-540]]",720 BC,540 BC,http://n2t.net/ark:/99152/p03wskdxgnx
middle-late-iron-age-anatolia,Middle-Late Iron Age Anatolia (700–500 BC) (700 BC - 500 BC),"Anatolia [[-700,-500]]",700 BC,500 BC,http://n2t.net/ark:/99152/p03wskdjrcs
seventh-bce,seventh century before the common era (700 BC - 601 BC),,700 BC,601 BC,
iron-age-iic-levant,Iron Age IIC (Levantine: 700-586 BCE) (700 BC - 586 BC),The Iron Age IIc Period in the Levant as defined by the Levantine Ceramics Project,700 BC,586 BC,http://n2t.net/ark:/99152/p0m63nj7zfs
late-period-egypt,Late Period Egypt (664-332) (664 BC - 332 BC),"The Late Period in Egypt, following the chronology of the UCLA Encyclopedia of Egyptology (compiled by Thomas Schneider): http://www.uee.ucla.edu/contributors/chronology.htm. [[-664, -332]]",664 BC,332 BC,http://n2t.net/ark:/99152/p03wskd47fw
sixth-bce,sixth century before the common era (600 BC - 501 BC),,600 BC,501 BC,
neo-babylonian-achaemenid-southern-levant,Neo-Babylonian—Achaemenid Southern Levant (587–330 BC) (587 BC - 330 BC),"southern Levant [[-587,-330]]",587 BC,330 BC,
classical,Classical (Greco-Roman; 550 BC-330 BC) (550 BC - 330 BC),"The Classical period in Greek and Roman history. For the purposes of Pleiades, this period is said to begin in the year 550 and end in the year 330 before the birth of Christ. [[-550, -330]]",550 BC,330 BC,http://n2t.net/ark:/99152/p03wskd389m
achaemenid-middle-east,Achaemenid Middle East (540–330 BC) (540 BC - 330 BC),"ME [[-540, -330]]",540 BC,330 BC,
achaemenid-roman-republic-middle-east,Achaemenid-Roman Republic Middle East (540–30 BC) (540 BC - 30 BC),"ME [[-540,-30]]",540 BC,30 BC,http://n2t.net/ark:/99152/p03wskddvwn
achaemenid-roman-levant,Achaemenid-Roman Levant (540 BC – AD 324) (540 BC - AD 324),"Persian-Hellenistic-Roman Levant [[-540,324]]",540 BC,AD 324,
achaemenid-central-asia,Achaemenid Central Asia (540-330 BCE) (540 BC - 330 BC),"Period as defined by Sören Stark [[-540, -330]]",540 BC,330 BC,
raetian,Raetian (6th - 1st centures BCE) (500 BC - 1 BC),As defined in Salomon 2017 and Schumacher 2004,500 BC,1 BC,
fifth-bce,fifth century before the common era (500 BC - 401 BC),,500 BC,401 BC,
warring-states,Warring States Period (475-221 BCE) (475 BC - 221 BC),The so-called Warring States period in Chinese history as defined by the China Historical GIS Project,475 BC,221 BC,http://n2t.net/ark:/99152/p0fp7wvxmqg
fourth-bce,fourth century before the common era (400 BC - 301 BC),,400 BC,301 BC,
anuradhapura,Anuradhapura (Sri Lanka: 377 BCE - 1017 CE) (337 BC - AD 1017),"Anuradhapura kingdom in Sri Lanka per Wikipedia ""History of Sri Lanka""",337 BC,AD 1017,
macedonian-egypt,Macedonian Egypt (332-304 BCE/BC) (332 BC - 304 BC),"The Macedonian period in Egypt, following the chronology of the UCLA Encyclopedia of Egyptology (compiled by Thomas Schneider): http://www.uee.ucla.edu/contributors/chronology.htm. [[-332, -304]]",332 BC,304 BC,http://n2t.net/ark:/99152/p03wskdxnwr
hellenistic-republican,"Hellenistic Greek, Roman Republic (330 BC-30 BC) (330 BC - 30 BC)","The Hellenistic period in Greek history and the middle-to-late Republican period in Roman history. For the purposes of Pleiades, this period is said to begin in the year 330 and end in the year 30 before the birth of Christ. [[-330, -30]]",330 BC,30 BC,http://n2t.net/ark:/99152/p03wskd55sw
hellenistic-middle-east,Hellenistic Middle East (330–140 BC) (330 BC - 140 BC),"Macedonian—Seleucid/Ptolemaic/Attalid/Greco-Bactrian [[-330, -140]]",330 BC,140 BC,http://n2t.net/ark:/99152/p03wskd4rpp
hellenistic-parthian-middle-east,Hellenistic-Parthian Middle East (330 BC – AD 226) (330 BC - AD 226),"Seleucid-Early Roman-Arsacid Middle East [[-330,226]]",330 BC,AD 226,http://n2t.net/ark:/99152/p03wskddwzm
hellenistic-roman-early-empire,Hellenistic-Roman Early Empire (330 BC – AD 300) (330 BC - AD 300),"Mediterranean [[-330,300]]",330 BC,AD 300,http://n2t.net/ark:/99152/p03wskd825s
hellenistic-central-asia,Hellenistic Central Asia (330-100 BCE) (330 BC - 100 BC),"As defined by Sören Stark [[-330, -100]]",330 BC,100 BC,
ptolemaic-egypt,Ptolemaic Egypt (304-30 BCE/BC) (304 BC - 30 BC),"The Ptolemaic period in Egypt, following the chronology of the UCLA Encyclopedia of Egyptology (compiled by Thomas Schneider): http://www.uee.ucla.edu/contributors/chronology.htm. [[-304, -30]]",304 BC,30 BC,http://n2t.net/ark:/99152/p03wskd95m9
ptolemaic-roman-egypt,Ptolemaic-Roman Egypt (304 BC – AD 640) (304 BC - AD 640),"Egypt [[-304,640]]",304 BC,AD 640,http://n2t.net/ark:/99152/p03wskdftkm
third-bce,third century before the common era (300 BC - 201 BC),,300 BC,201 BC,
second-bce,second century before the common era (200 BC - 101 BC),,200 BC,101 BC,
parthian-middle-east,Parthian Middle East (140 BC – AD 226) (140 BC - AD 226),"Arsacid ME [[-140,226]]",140 BC,AD 226,http://n2t.net/ark:/99152/p03wskd93hp
roman-middle-east,Roman Middle East (140 BC – AD 640) (140 BC - AD 640),"ME [[-140, 640]]",140 BC,AD 640,http://n2t.net/ark:/99152/p03wskdhqrw
roman-early-byzantine-middle-east,Roman-Early Byzantine Middle East (140 BC – AD 850) (140 BC - AD 850),"ME [[-140,850]]",140 BC,AD 850,http://n2t.net/ark:/99152/p03wskdpzn9
kangju-yuezhi-kushan-central-asia,Kangju-Yuezhi-Kushan period in Central Asia (100 BCE - 250 CE) (100 BC - AD 250),"Period as defined by Sören Stark [[-100, 250]]",100 BC,AD 250,
first-bce,first century before the common era (100 BC - 1 BC),,100 BC,1 BC,
roman-umayyad-levant,Roman-Umayyad Levant (37 BC – AD 1099) (37 BC - AD 1099),"Roman-Byzantine-Caliphate-Umayyad Levant [[-37,1099]]",37 BC,AD 1099,
roman,"Roman, early Empire (30 BC-AD 300) (30 BC - AD 300)","The Roman period (i.e., the early Roman Empire) in Greek and Roman history. For the purposes of Pleiades, this period is said to begin in the year 30 before the birth of Christ and to end in the year 300 after the birth of Christ. [[-30, 300]]",30 BC,AD 300,http://n2t.net/ark:/99152/p03wskdxnzf
roman-early-empire-parthian-middle-east,Roman Early Empire/Parthian Middle East (30 BC – AD 226) (30 BC - AD 226),"Early Roman/Parthian [[-30, 226]]",30 BC,AD 226,http://n2t.net/ark:/99152/p03wskdxwnh
roman-early-empire-late-antique,Roman Early Empire-Late Antique (30 BC – AD 640) (30 BC - AD 640),"Mediterranean [[-30,640]]",30 BC,AD 640,http://n2t.net/ark:/99152/p03wskd5v96
first-ce,First century of the common era (AD 1 - AD 99),,AD 1,AD 99,
1st-millennium-ce,1st Millennium CE (1-1000 CE) (AD 1 - AD 1000),"The First Millennium CE as defined by https://en.wikipedia.org/wiki/1st_millennium [[1, 1000]",AD 1,AD 1000,
roman-britain,Roman Britain (43 - 410 CE/AD) (AD 43 - AD 410),"Simon Hornblower and Antony Spawforth, eds. (1998). The Oxford Companion to Classical Civilization. Oxford University Press.",AD 43,AD 410,
second-ce,second century of the common era (AD 100 - AD 199),,AD 100,AD 199,
third-ce,third century of the common era (AD 200 - AD 299),,AD 200,AD 299,
parthian,Parthian (200 BCE - 224 CE) (AD 224 - 200 BC),The period of Parthian expansion and hegemony in southwest Asia and beyond,AD 224,200 BC,http://n2t.net/ark:/99152/p08m57hs35q
late-antiquity-in-central-asia,Late Antiquity in Central Asia (250-550 CE) (AD 250 - AD 550),"Period as defined by Sören Stark [[250, 550]]",AD 250,AD 550,
sassanian-middle-east,Sassanian Middle East (AD 262–700) (AD 262 - AD 700),"Sassanid [[262,700]]",AD 262,AD 700,http://n2t.net/ark:/99152/p03wskds845
transition-roman-early-empire-late-antique,Transition Roman Early Empire-Late Antique (AD 284–337) (AD 284 - AD 337),"Mediterranean [[284, 337]]",AD 284,AD 337,http://n2t.net/ark:/99152/p03wskd5v96
late-antique,Late Antique (AD 300-AD 640) (AD 300 - AD 640),"The Late Antique period in Greek and Roman history. For the purposes of Pleiades, this period is said to begin in the year 300 and to end in the year 640 after the birth of Christ. [[300, 640]]",AD 300,AD 640,http://n2t.net/ark:/99152/p03wskd6psm
late-antique-sasanian-middle-east,Late Antique/Sasanian Middle East (AD 300–640) (AD 300 - AD 640),"ME [[300, 640]]",AD 300,AD 640,http://n2t.net/ark:/99152/p03wskd83qf
late-antique-late-byzantine,Late Antique-Late Byzantine (AD 300–1450) (AD 300 - AD 1450),"ME [[300, 1450]]",AD 300,AD 1450,http://n2t.net/ark:/99152/p03wskdpjk3
fourth-ce,fourth century of the common era (AD 300 - AD 399),,AD 300,AD 399,
fifth-ce,fifth century of the common era (AD 400 - AD 499),,AD 400,AD 499,
proto-byzantine,Proto-Byzantine (AD 500–650) (AD 500 - AD 650),"Early Byzantine; includes Justinian I [[500, 650]]",AD 500,AD 650,http://n2t.net/ark:/99152/p03wskdcpjk
sixth-ce,sixth century of the common era (AD 500 - AD 599),,AD 500,AD 599,
anglo-saxon,Anglo-Saxon Period (550-1066 AD/CE) (AD 550 - AD 1066),"[[550, 1066]]",AD 550,AD 1066,
pre-islamic-early-middle-ages-central-asia,Pre-Islamic Early Middle Ages in Central Asia (550-750 CE) (AD 550 - AD 750),"Period as defined by Sören Stark [[550, 750]]",AD 550,AD 750,
persian-medieval-caucasus,Persian-Medieval Caucasus (AD 600–1500) (AD 600 - AD 1500),"Persian—Arabic—Early Medieval—Middle Medieval—Turco-Mongol/Late Medieval Caucasus [[600,1500]]",AD 600,AD 1500,http://n2t.net/ark:/99152/p03wskdvds6
seventh-ce,seventh century of the common era (AD 600 - AD 699),,AD 600,AD 699,
caliphate-umayyad-middle-east,Caliphate-Umayyad Middle East (AD 632–750) (AD 632 - AD 750),"Early Islamic, Rashidun-Umayyad [starts with death of Muhammed who only controlled Arabia] [[632,750]]",AD 632,AD 750,http://n2t.net/ark:/99152/p03wskdj3g6
caliphate-fatimid-southern-levant,Caliphate-Fatimid Southern Levant (AD 632–1150) (AD 632 - AD 1150),"Caliphate/Rashidun-Umayyad-Abassid-Fatimid southern Levant [[632,1150]]",AD 632,AD 1150,
mediaeval-byzantine,Mediaeval/Byzantine (AD 641-AD 1453) (AD 640 - AD 1453),"The Mediaeval period in the West, or the period from the end of Late Antiquity (640) to the fall of Constantinople in the East (1453). [[640, 1453]]",AD 640,AD 1453,http://n2t.net/ark:/99152/p03wskdcdz7
early-byzantine,Early Byzantine (AD 650-850) (AD 650 - AD 850),"Early Byzantine Period in areas where such designations are appropriate. [[650, 850]]",AD 650,AD 850,http://n2t.net/ark:/99152/p03wskdjbp8
ummayad,Ummayad Period (661-750CE) (AD 661 - AD 750),"The period of the Umayyad Caliphate as defined by http://en.wikipedia.org/wiki/Umayyad_Caliphate [[661, 750]]",AD 661,AD 750,http://n2t.net/ark:/99152/p03wskdnnpp
eighth-ce,eighth century of the common era (AD 700 - AD 799),,AD 700,AD 799,
abassid-middle-east,Abassid Middle East (AD 750–940) (AD 750 - AD 940),"ME, northern Africa [[750, 940]]",AD 750,AD 940,http://n2t.net/ark:/99152/p03wskdpxwb
abbasid-period-central-asia,Abbasid Period in Central Asia (750-875 CE) (AD 750 - AD 875),"Period as defined by Sören Stark [[750, 875]]",AD 750,AD 875,
ninth-ce,ninth century of the common era (AD 800 - AD 899),,AD 800,AD 899,
samanid-ghaznavid-iran,Samanid-Ghaznavid Iran (AD 819–1186) (AD 819 - AD 1186),"Iran [[819,1186]]",AD 819,AD 1186,http://n2t.net/ark:/99152/p03wskd4n95
middle-byzantine,Middle Byzantine (AD 850-1200) (AD 850 - AD 1200),"Middle Byzantine period in areas where such designations are appropriate. [[850, 1200]]",AD 850,AD 1200,http://n2t.net/ark:/99152/p03wskd6vvr
early-medieval-caucasus,Early Medieval Caucasus (AD 850–1200) (AD 850 - AD 1200),"Bagratid, Kingdom of Armenia/Kingdom of Georgia [[850,1200]]",AD 850,AD 1200,http://n2t.net/ark:/99152/p03wskd98jh
samanid-period-central-asia,Samanid Period in Central Asia (875-1000 CE) (AD 875 - AD 1000),"Period as defined by Sören Stark [[875, 1000]]",AD 875,AD 1000,
tenth-ce,tenth century of the common era (AD 900 - AD 999),,AD 900,AD 999,
fatimid-middle-east,Fatimid Middle East (AD 950–1150) (AD 950 - AD 1150),"Western ME, northern Africa [[950,1150]]",AD 950,AD 1150,http://n2t.net/ark:/99152/p03wskdtn5z
qarakhanid-period-central-asia,Qarakhanid Period in Central Asia (1000-1200 CE) (AD 1000 - AD 1200),"Period as defined by Sören Stark [[1000, 1200]]",AD 1000,AD 1200,
eleventh-ce,eleventh century of the common era (AD 1000 - AD 1099),,AD 1000,AD 1099,
polonnaruwa,Polonnaruwa (Sri Lanka: 1017-1232 CE) (AD 1017 - AD 1232),"Polonnaruwa period in Sri Lanka per Wikipedia ""History of Sri Lanka""",AD 1017,AD 1232,
seljuq-middle-east,Seljuq Middle East (AD 1037–1150) (AD 1037 - AD 1150),"Great Seljuq Empire [[1037,1150]]",AD 1037,AD 1150,http://n2t.net/ark:/99152/p03wskdqq4g
seljuq-khwarezmian-middle-east,Seljuq-Khwarezmian Middle East (AD 1037–1258) (AD 1037 - AD 1258),"ME [[1037,1258]]",AD 1037,AD 1258,http://n2t.net/ark:/99152/p03wskdj8bb
khwarezmian-middle-east,Khwarezmian Middle East (AD 1077–1258) (AD 1077 - AD 1258),"Khwarezmid [[1077,1258]]",AD 1077,AD 1258,http://n2t.net/ark:/99152/p03wskd2rhh
rum-crusader-anatolia,Rum/Crusader Anatolia (AD 1077–1307) (AD 1077 - AD 1307),"Seljuk-Latin States/Francocracy [[1077, 1307]]",AD 1077,AD 1307,http://n2t.net/ark:/99152/p03wskdrtx9
crusader-byzantine-seljuq-middle-east,Crusader/Byzantine/Seljuq Middle East (AD 1081–1204) (AD 1081 - AD 1204),"Latin/1st-4th Crusades—end of Middle Byzantine—Rum/Seljuq [[1081, 1204]]",AD 1081,AD 1204,http://n2t.net/ark:/99152/p03wskdqq4g
crusader-seljuq-ayyubid-levant,Crusader/Seljuq-Ayyubid Levant (AD 1099–1291) (AD 1099 - AD 1291),"Latin [[1099,1291]]",AD 1099,AD 1291,http://n2t.net/ark:/99152/p03wskdg8s5
crusader-ottoman-levant,Crusader-Ottoman Levant (AD 1099–1750) (AD 1099 - AD 1750),"Crusader-Seljuq-Ayyubid-Mamluk-Ottoman Levant [[1099,1750]]",AD 1099,AD 1750,http://n2t.net/ark:/99152/p03wskd5222
twelfth-ce,twelfth century of the common era (AD 1100 - AD 1199),,AD 1100,AD 1199,
ayyubid-middle-east,Ayyubid Middle East (AD 1171–1258) (AD 1171 - AD 1258),"Western ME [[1171,1258]]",AD 1171,AD 1258,
late-byzantine,Late Byzantine Period (AD 1200-1450) (AD 1200 - AD 1450),"Late Byzantine Period in contexts where such designations are appropriate. [[1200, 1450]]",AD 1200,AD 1450,http://n2t.net/ark:/99152/p03wskdk7x9
13th-century-ad-eastern-mediterranean,13th Century AD Eastern Mediterranean (AD 1200–1300) (AD 1200 - AD 1300),"Late Byzantine-Ayyubid-Mamluk Western Middle East [[1200,1300]]",AD 1200,AD 1300,http://n2t.net/ark:/99152/p03wskdrv58
late-byzantine-ottoman-rise,Late Byzantine/Ottoman Rise (AD 1200–1453) (AD 1200 - AD 1453),"Aegean, Balkan & Anatolia [[1200,1453]]",AD 1200,AD 1453,http://n2t.net/ark:/99152/p03wskdq5md
late-medieval-caucasus,Late Medieval Caucasus (AD 1200–1500) (AD 1200 - AD 1500),"Turco-Mongol, Seljuq-Georgian-Ilkhanate-Turkmen Caucasus [[1200,1500]]",AD 1200,AD 1500,
thirteenth-ce,thirteenth century of the common era (AD 1200 - AD 1299),,AD 1200,AD 1299,
transitional-sri-lanka,Transitional (Sri Lanka: 1232-1597) (AD 1232 - AD 1597),"The ""transitional"" period in Sri Lanka per Wikipedia ""History of Sri Lanka""",AD 1232,AD 1597,
ilkhanate-middle-east,Ilkhanate Middle East (AD 1258–1335) (AD 1258 - AD 1335),"Ilkhanid, Hulagu, Early Mongol [[1258,1335]]",AD 1258,AD 1335,http://n2t.net/ark:/99152/p03wskdk582
mongol-middle-east,Mongol Middle East (AD 1258–1501) (AD 1258 - AD 1501),"ME, Central Asia [[1258,1501]]",AD 1258,AD 1501,http://n2t.net/ark:/99152/p03wskd25c5
mamluk-middle-east,Mamluk Middle East (AD 1258–1516) (AD 1258 - AD 1516),"Western ME [[1258,1516]]",AD 1258,AD 1516,http://n2t.net/ark:/99152/p03wskdp535
ottoman-rise,Ottoman Rise (AD 1300–1453) (AD 1300 - AD 1453),"ends with the conquest of Constantinople [[1300, 1453]]",AD 1300,AD 1453,http://n2t.net/ark:/99152/p03wskd2cfk
ottoman-empire-2,Ottoman Empire (AD ca 1300-1923) (AD 1300 - AD 1923),Period as defined by Elias Kolovos,AD 1300,AD 1923,
fourteenth-ce,fourteenth century of the common era (AD 1300 - AD 1399),,AD 1300,AD 1399,
timurid-middle-east,Timurid Middle East (AD 1370–1501) (AD 1370 - AD 1501),"Eastern ME, Central Asia [[1370,1501]]",AD 1370,AD 1501,http://n2t.net/ark:/99152/p03wskdgpzc
fifteenth-ce,fifteenth century of the common era (AD 1400 - AD 1499),,AD 1400,AD 1499,
early-ottoman-empire,Early Ottoman Empire (AD 1453–1683) (AD 1453 - AD 1683),"ends with the siege of Vienna [[1453,1683]]",AD 1453,AD 1683,http://n2t.net/ark:/99152/p03wskdf7wk
1500-ad-middle-east,1500 AD Middle East (AD 1500–1500) (AD 1500 - AD 1500),"ME, Greece, Indus [[1500,1500]]",AD 1500,AD 1500,http://n2t.net/ark:/99152/p03wskd9h8w
perso-ottoman-russian-caucasus,Perso-Ottoman-Russian Caucasus (AD 1500–1918) (AD 1500 - AD 1918),"Safavid-Qajar-Ottoman Empire-Russian Empire Caucasus [[1500,1918]]",AD 1500,AD 1918,http://n2t.net/ark:/99152/p03wskd7s5r
sixteenth-ce,sixteenth century of the common era (AD 1500 - AD 1599),,AD 1500,AD 1599,
safavid-middle-east,Safavid Middle East (AD 1501–1725) (AD 1501 - AD 1725),"Eastern ME, Central Asia [[1501,1725]]",AD 1501,AD 1725,http://n2t.net/ark:/99152/p03wskdbftw
ottoman-empire,Ottoman Empire (AD 1513–1918) (AD 1513 - AD 1918),"ME, Balkan, Northern Africa [[1513,1918]]",AD 1513,AD 1918,http://n2t.net/ark:/99152/p03wskd97z7
kandy,Kandy period (Sri Lanka: 1597-1815) (AD 1597 - AD 1815),"The Kandy period in Sri Lanka per Wikipedia ""History of Sri Lanka""",AD 1597,AD 1815,
seventeenth-ce,seventeenth century of the common era (AD 1600 - AD 1699),,AD 1600,AD 1699,
late-ottoman-empire,Late Ottoman Empire (AD 1683–1918) (AD 1683 - AD 1918),"ME, Balkan, Northern Africa [[1683,1918]]",AD 1683,AD 1918,http://n2t.net/ark:/99152/p03wskdfbcg
modern,Modern (AD 1700-Present) (AD 1700 - AD 2100),"Our present, modern era. [[1700, 2100]]",AD 1700,AD 2100,http://n2t.net/ark:/99152/p03wskdgh6j
eighteenth-ce,eighteenth century of the common era (AD 1700 - AD 1799),,AD 1700,AD 1799,
khedivate-egypt,Khedivate Egypt (AD 1800–1922) (AD 1800 - AD 1922),"Muhammed Ali-Khedivate Egypt, Alawiyya Egypt, Anglo-Egyptian [[1800,1922]]",AD 1800,AD 1922,http://n2t.net/ark:/99152/p03wskd69hp
colonial-modern-middle-east,Colonial-Modern Middle East (AD 1800–2000) (AD 1800 - AD 2000),"Late Ottoman-Colonial-Mandate Modern Middle east [[1800,2000]]",AD 1800,AD 2000,http://n2t.net/ark:/99152/p03wskdccmk
nineteenth-ce,nineteenth century of the common era (AD 1800 - AD 1899),,AD 1800,AD 1899,
ottoman-decline-mandate-middle-east,Ottoman Decline-Mandate Middle East (AD 1900–1950) (AD 1900 - AD 1950),"ME [[1900,1950]]",AD 1900,AD 1950,http://n2t.net/ark:/99152/p03wskdrh3m
twentieth-ce,twentieth century of the common era (AD 1900 - AD 1999),,AD 1900,AD 1999,
modern-middle-east,Modern Middle East (AD 1918–2000) (AD 1918 - AD 2000),"ME [[1918, 2000]]",AD 1918,AD 2000,http://n2t.net/ark:/99152/p03wskds7zt
twenty-first-ce,twenty-first century of the common era (AD 2000 - AD 2099),,AD 2000,AD 2099,
